Onset;Bar.Crotchet;Duration (s);Tempo (bpm);Intesity (dB)
2.368;1.1;0.746667;0;49.2
3.114666666;1.2;0.629333;80.3571;68.2
3.744;1.3;0.629333;95.339;64.7
4.373333333;1.4;0.660646;95.339;70.1
5.033979166;2.1;0.630021;90.8202;61.6
5.664;2.2;0.661333;95.2349;69.7
6.325333333;2.3;0.576;90.7258;64.7
6.901333333;2.4;0.672;104.167;70
7.573333333;3.1;0.576;89.2857;65.1
8.149333333;3.2;0.543177;104.167;71.8
8.692510416;3.3;0.65149;110.461;65.8
9.344;3.4;0.714667;92.0966;69.6
10.05866667;4.1;0.672;83.9552;63.5
10.73066667;4.2;0.725333;89.2857;67.9
11.456;4.3;0.693333;82.7206;65.5
12.14933333;4.4;0.661333;86.5385;72.5
12.81066667;5.1;0.714667;90.7258;71.2
13.52533333;5.2;0.612021;83.9552;72.8
14.13735417;5.3;0.593313;98.0359;68.1
14.73066667;5.4;0.696063;101.127;70.1
15.42672917;6.1;0.647937;86.1992;64.9
16.07466667;6.2;0.618667;92.6015;71.8
16.69333333;6.3;0.682667;96.9828;65.9
17.376;6.4;0.842667;87.8906;73.3
18.21866667;7.1;0.768;71.2025;64.1
18.98666667;7.2;0.789333;78.125;66.3
19.776;7.3;0.725333;76.0135;59.9
20.50133333;7.4;1.03467;82.7206;70.4
21.536;8.1;0.608;57.9897;55.8
22.144;8.2;0.757333;98.6842;64.6
22.90133333;8.3;0.682667;79.2253;57.3
23.584;8.4;0.864;87.8906;59.5
24.448;9.1;0.661333;69.4444;48.6
25.10933333;9.2;0.650667;90.7258;59.1
25.76;9.3;0.693333;92.2131;54.4
26.45333333;9.4;0.650667;86.5385;63.7
27.104;10.1;0.597333;92.2131;55.8
27.70133333;10.2;0.64;100.446;61.7
28.34133333;10.3;0.650667;93.75;53.2
28.992;10.4;0.652104;92.2131;59.4
29.64410417;11.1;0.557344;92.0098;55.6
30.20144792;11.2;0.635885;107.653;66.3
30.83733333;11.3;0.597333;94.3566;59.4
31.43466667;11.4;0.597333;100.446;71.2
32.032;12.1;0.661333;100.446;62.8
32.69333333;12.2;0.629333;90.7258;63.5
33.32266667;12.3;0.544;95.339;57.7
33.86666667;12.4;0.650667;110.294;62.3
34.51733333;13.1;0.629333;92.2131;61.5
35.14666667;13.2;0.608;95.339;72.1
35.75466667;13.3;0.576;98.6842;61
36.33066667;13.4;0.608;104.167;70.1
36.93866667;14.1;0.650667;98.6842;61.5
37.58933333;14.2;0.565333;92.2131;70.2
38.15466667;14.3;0.608;106.132;63.8
38.76266667;14.4;0.661333;98.6842;71.4
39.424;15.1;0.554667;90.7258;65.2
39.97866667;15.2;0.576;108.173;72.4
40.55466667;15.3;0.608;104.167;67.3
41.16266667;15.4;0.64;98.6842;72
41.80266667;16.1;0.608;93.75;68.6
42.41066667;16.2;0.608;98.6842;74.1
43.01866667;16.3;0.682667;98.6842;67.3
43.70133333;16.4;0.8;87.8906;74.3
44.50133333;17.1;0.917333;75;65.7
45.41866667;17.2;0.672;65.407;73.4
46.09066667;17.3;0.597333;89.2857;66.2
46.688;17.4;0.768;100.446;65.2
47.456;18.1;0.650667;78.125;64.4
48.10666667;18.2;0.554667;92.2131;67.3
48.66133333;18.3;0.565333;108.173;65.7
49.22666667;18.4;0.522667;106.132;61.1
49.74933333;19.1;0.597333;114.796;69.9
50.34666667;19.2;0.576;100.446;70.9
50.92266667;19.3;0.586667;104.167;62.6
51.50933333;19.4;0.544;102.273;61.7
52.05333333;20.1;0.597333;110.294;58.1
52.65066667;20.2;0.501333;100.446;54.3
53.152;20.3;0.565333;119.681;54.1
53.71733333;20.4;0.618667;106.132;50.2
54.336;21.1;0.597333;96.9828;64.6
54.93333333;21.2;0.522667;100.446;60
55.456;21.3;0.576;114.796;70.3
56.032;21.4;0.565333;104.167;60.4
56.59733333;22.1;0.608;106.132;70.6
57.20533333;22.2;0.522667;98.6842;68.7
57.728;22.3;0.522667;114.796;66.1
58.25066667;22.4;0.522667;114.796;68.8
58.77333333;23.1;0.64;114.796;68.5
59.41333333;23.2;0.544;93.75;73.1
59.95733333;23.3;0.544;110.294;67.8
60.50133333;23.4;0.597333;110.294;62.5
61.09866667;24.1;0.597333;100.446;71.8
61.696;24.2;0.579542;100.446;69.8
62.27554167;24.3;0.561365;103.53;80.1
62.83690625;24.4;0.58549;106.882;71.8
63.42239583;25.1;0.694938;102.478;68.8
64.11733333;25.2;0.458667;86.3387;80.7
64.576;25.3;0.541104;130.814;79.5
65.11710417;25.4;0.685562;110.884;75.1
65.80266667;26.1;0.650667;87.5194;77.4
66.45333333;26.2;0.483635;92.2131;73.3
66.93696875;26.3;0.488656;124.06;75.4
67.425625;26.4;0.627708;122.786;73.4
68.05333333;27.1;0.629333;95.5858;66.7
68.68266667;27.2;0.456562;95.339;78.6
69.13922917;27.3;0.501063;131.417;76.4
69.64029167;27.4;0.557042;119.746;76.2
70.19733333;28.1;0.565333;107.712;78.6
70.76266667;28.2;0.444833;106.132;72.7
71.2075;28.3;0.483167;134.882;71.3
71.69066667;28.4;0.586667;124.181;71.7
72.27733333;29.1;0.517906;102.273;70.8
72.79523958;29.2;0.512292;115.851;74
73.30753125;29.3;0.507594;117.121;72.3
73.815125;29.4;0.645906;118.205;73.7
74.46103125;30.1;0.545677;92.8927;68.9
75.00670833;30.2;0.485406;109.955;75
75.49211458;30.3;0.474969;123.608;74.5
75.96708333;30.4;0.466896;126.324;73.6
76.43397917;31.1;0.472688;128.508;74.7
76.90666667;31.2;0.501333;126.934;73.4
77.408;31.3;0.469333;119.681;74.1
77.87733333;31.4;0.597333;127.841;76.3
78.47466667;32.1;0.554667;100.446;74.5
79.02933333;32.2;0.608;108.173;67.3
79.63733333;32.3;0.576;98.6842;76.3
80.21333333;32.4;0.649385;104.167;71.3
80.86271875;33.1;0.694615;92.3951;71.3
81.55733333;33.2;0.608;86.3788;68.8
82.16533333;33.3;0.821333;98.6842;73.2
82.98666667;33.4;0.810667;73.0519;65.5
83.79733333;34.1;0.565333;74.0132;64
84.36266667;34.2;0.512;106.132;70.9
84.87466667;34.3;0.494625;117.188;72.1
85.36929167;34.4;0.593375;121.304;72.1
85.96266667;35.1;0.544;101.116;71.2
86.50666667;35.2;0.512;110.294;72
87.01866667;35.3;0.475396;117.188;69.3
87.4940625;35.4;0.580604;126.211;71.5
88.07466667;36.1;0.490667;103.341;73.9
88.56533333;36.2;0.544;122.283;71.9
89.10933333;36.3;0.48;110.294;71.8
89.58933333;36.4;0.589188;125;74.8
90.17852083;37.1;0.605479;101.835;72.1
90.784;37.2;0.597333;99.0951;70.8
91.38133333;37.3;0.544;100.446;64.4
91.92533333;37.4;0.608;110.294;67.4
92.53333333;38.1;0.586667;98.6842;66.7
93.12;38.2;0.554667;102.273;68.6
93.67466667;38.3;0.522667;108.173;66.6
94.19733333;38.4;0.586667;114.796;69.6
94.784;39.1;0.533333;102.273;69.1
95.31733333;39.2;0.554667;112.5;67.6
95.872;39.3;0.490667;108.173;66.5
96.36266667;39.4;0.578135;122.283;68
96.94080208;40.1;0.509865;103.782;71.1
97.45066667;40.2;0.576;117.678;74.8
98.02666667;40.3;0.544;104.167;74
98.57066667;40.4;0.746667;110.294;74.9
99.31733333;41.1;0.650667;80.3571;74.9
99.968;41.2;0.682667;92.2131;72
100.6506667;41.3;0.629333;87.8906;67.3
101.28;41.4;0.736;95.339;69.5
102.016;42.1;0.650667;81.5217;64.6
102.6666667;42.2;0.533333;92.2131;70.7
103.2;42.3;0.544;112.5;66.7
103.744;42.4;0.576;110.294;69.7
104.32;43.1;0.533333;104.167;65.6
104.8533333;43.2;0.501333;112.5;69
105.3546667;43.3;0.512;119.681;62.5
105.8666667;43.4;0.518104;117.188;70
106.3847708;44.1;0.484562;115.807;67.9
106.8693333;44.2;0.512;123.823;67
107.3813333;44.3;0.469333;117.188;70.4
107.8506667;44.4;0.533333;127.841;70.1
108.384;45.1;0.533333;112.5;71.3
108.9173333;45.2;0.490667;112.5;72.7
109.408;45.3;0.522667;122.283;67.6
109.9306667;45.4;0.565333;114.796;70.9
110.496;46.1;0.576;106.132;70.5
111.072;46.2;0.544;104.167;69.9
111.616;46.3;0.426667;110.294;73.1
112.0426667;46.4;0.544;140.625;75.2
112.5866667;47.1;0.48;110.294;72.4
113.0666667;47.2;0.501333;125;71.2
113.568;47.3;0.462698;119.681;74.6
114.0306979;47.4;0.501375;129.674;76
114.5320729;48.1;0.56126;119.671;74.3
115.0933333;48.2;0.426667;106.902;74
115.52;48.3;0.48;140.625;77
116;48.4;0.490667;125;77.1
116.4906667;49.1;0.490667;122.283;74.9
116.9813333;49.2;0.405333;122.283;70
117.3866667;49.3;0.586667;148.026;71.2
117.9733333;49.4;0.548115;102.273;72.3
118.5214479;50.1;0.529219;109.466;72.1
119.0506667;50.2;0.462938;113.375;76.2
119.5136042;50.3;0.422396;129.607;76.2
119.936;50.4;0.501333;142.047;78.6
120.4373333;51.1;0.48;119.681;78.6
120.9173333;51.2;0.426667;125;76.3
121.344;51.3;0.416;140.625;78.9
121.76;51.4;0.48;144.231;79.9
122.24;52.1;0.48;125;75.3
122.72;52.2;0.437333;125;75.2
123.1573333;52.3;0.405333;137.195;77.7
123.5626667;52.4;0.458667;148.026;78.2
124.0213333;53.1;0.469333;130.814;77.7
124.4906667;53.2;0.448;127.841;77.6
124.9386667;53.3;0.4265;133.929;77.5
125.3651667;53.4;0.490833;140.68;81.3
125.856;54.1;0.714667;122.241;76
126.5706667;54.2;0.544;83.9552;78.2
127.1146667;54.3;0.469333;110.294;79.9
127.584;54.4;0.426667;127.841;76.8
128.0106667;55.1;0.586667;140.625;77.7
128.5973333;55.2;0.437333;102.273;78.7
129.0346667;55.3;0.475771;137.195;79.4
129.5104375;55.4;0.441563;126.111;74
129.952;56.1;0.506187;135.881;77
130.4581875;56.2;0.437375;118.533;78
130.8955625;56.3;0.517771;137.182;79.3
131.4133333;56.4;0.545906;115.881;81.4
131.9592396;57.1;0.58476;109.909;81.6
132.544;57.2;0.565333;102.606;77
133.1093333;57.3;0.736;106.132;80
133.8453333;57.4;0.874667;81.5217;76.8
134.72;58.1;0.704;68.5976;69.7
135.424;58.2;0.599979;85.2273;73.9
136.0239792;58.3;0.505094;100.003;70.1
136.5290729;58.4;0.52176;118.79;73.4
137.0508333;59.1;0.495833;114.995;74.5
137.5466667;59.2;0.458667;121.008;71.1
138.0053333;59.3;0.454552;130.814;73.1
138.4598854;59.4;0.484115;131.998;74.4
138.944;60.1;0.448;123.938;73.6
139.392;60.2;0.544;133.929;75
139.936;60.3;0.586667;110.294;73.1
140.5226667;60.4;0.448;102.273;76.3
140.9706667;61.1;0.522667;133.929;69.5
141.4933333;61.2;0.547594;114.796;74.9
142.0409271;61.3;0.81774;109.57;71.4
142.8586667;61.4;0.512;73.373;73.5
143.3706667;62.1;0.565333;117.188;72.3
143.936;62.2;0.565333;106.132;74.3
144.5013333;62.3;0.544;106.132;77.1
145.0453333;62.4;0.618667;110.294;73.1
145.664;63.1;0.512;96.9828;74.4
146.176;63.2;0.490667;117.188;76.1
146.6666667;63.3;0.714667;122.283;76.9
147.3813333;63.4;0.512;83.9552;77.8
147.8933333;64.1;0.554667;117.188;77.7
148.448;64.2;0.501333;108.173;75.5
148.9493333;64.3;0.512;119.681;78
149.4613333;64.4;0.497208;117.188;75.8
149.9585417;65.1;0.590792;120.674;75.3
150.5493333;65.2;0.567198;101.559;74.7
151.1165313;65.3;0.744802;105.783;69.9
151.8613333;65.4;1.056;80.5583;74.8
152.9173333;66.1;0.853333;56.8182;80.3
153.7706667;66.2;0.766875;70.3125;73.3
154.5375417;66.3;0.656313;78.2396;69.6
155.1938542;66.4;0.688812;91.4199;64.4
155.8826667;67.1;0.546885;87.1064;70.5
156.4295521;67.2;0.626448;109.712;71.2
157.056;67.3;0.522667;95.7781;66.1
157.5786667;67.4;0.533333;114.796;62.5
158.112;68.1;0.533333;112.5;69.5
158.6453333;68.2;0.522667;112.5;67.8
159.168;68.3;0.544;114.796;63
159.712;68.4;0.567698;110.294;69.8
160.2796979;69.1;0.488302;105.69;72.2
160.768;69.2;0.552198;122.875;73.1
161.3201979;69.3;0.510667;108.657;73.3
161.8308646;69.4;0.643802;117.493;76.9
162.4746667;70.1;0.618667;93.1963;76.1
163.0933333;70.2;0.661333;96.9828;73
163.7546667;70.3;0.608;90.7258;77
164.3626667;70.4;0.608;98.6842;67.5
164.9706667;71.1;0.661333;98.6842;74.9
165.632;71.2;0.682667;90.7258;69.2
166.3146667;71.3;0.757333;87.8906;70.8
167.072;71.4;0.736;79.2253;59.2
167.808;72.1;0.650667;81.5217;66.8
168.4586667;72.2;0.693333;92.2131;64.3
169.152;72.3;0.629333;86.5385;70.8
169.7813333;72.4;0.672;95.339;68.6
170.4533333;73.1;0.693333;89.2857;67.1
171.1466667;73.2;0.661333;86.5385;66.4
171.808;73.3;0.725333;90.7258;67.9
172.5333333;73.4;0.661333;82.7206;72.1
173.1946667;74.1;0.618667;90.7258;70.9
173.8133333;74.2;0.778667;96.9828;65.2
174.592;74.3;0.693333;77.0548;68.3
175.2853333;74.4;0.682667;86.5385;67.1
175.968;75.1;0.678062;87.8906;73.3
176.6460625;75.2;0.815271;88.4874;65.7
177.4613333;75.3;0.768;73.5952;65.5
178.2293333;75.4;1.248;78.125;59.3
179.4773333;76.1;0.981333;48.0769;60.8
180.4586667;76.2;1.05201;61.1413;54.4
181.5106771;76.3;0.96399;57.0337;39.6
182.4746667;76.4;1.07733;62.2413;57.6
183.552;77.1;1.472;55.6931;56.6
185.024;77.2;1.49333;40.7609;58.7
186.5173333;77.3;1.536;40.1786;43
188.0533333;77.4;1.04533;39.0625;51.7
189.0986667;78.1;0.821333;57.398;58.4
189.92;78.2;0.746667;73.0519;65
190.6666667;78.3;0.736;80.3571;59.7
191.4026667;78.4;0.789333;81.5217;60.5
192.192;79.1;0.746667;76.0135;58.9
192.9386667;79.2;0.693333;80.3571;60.7
193.632;79.3;0.704;86.5385;57.9
194.336;79.4;0.736;85.2273;62.4
195.072;80.1;0.668063;81.5217;64.8
195.7400625;80.2;0.750604;89.812;62.1
196.4906667;80.3;0.768;79.9356;64.2
197.2586667;80.4;0.736;78.125;66.2
197.9946667;81.1;0.746667;81.5217;66.6
198.7413333;81.2;0.725333;80.3571;61.7
199.4666667;81.3;0.789333;82.7206;65.4
200.256;81.4;0.757333;76.0135;65.8
201.0133333;82.1;0.8;79.2253;63.7
201.8133333;82.2;0.77599;75;64.6
202.5893229;82.3;0.810323;77.3206;58.9
203.3996458;82.4;0.742479;74.0446;55.1
204.142125;83.1;0.796542;80.8103;58.8
204.9386667;83.2;0.704;75.3256;62.8
205.6426667;83.3;0.704;85.2273;62.3
206.3466667;83.4;0.704;85.2273;62.3
207.0506667;84.1;0.789333;85.2273;64.2
207.84;84.2;0.777469;76.0135;61.9
208.6174688;84.3;0.886531;77.1735;58.4
209.504;84.4;0.8;67.6795;61.8
210.304;85.1;0.906667;75;63.3
211.2106667;85.2;0.768;66.1765;66.6
211.9786667;85.3;0.803792;78.125;65.8
212.7824583;85.4;0.774875;74.6462;71.7
213.5573333;86.1;0.789333;77.4318;67
214.3466667;86.2;0.749135;76.0135;72.3
215.0958021;86.3;0.733531;80.0923;64.3
215.8293333;86.4;0.778667;81.7961;64
216.608;87.1;0.725333;77.0548;68.2
217.3333333;87.2;0.757333;82.7206;63.7
218.0906667;87.3;0.885333;79.2253;64.1
218.976;87.4;0.714667;67.7711;59.9
219.6906667;88.1;0.757333;83.9552;69.8
220.448;88.2;0.810667;79.2253;66.4
221.2586667;88.3;0.768;74.0132;60.2
222.0266667;88.4;0.885333;78.125;58.6
222.912;89.1;0.772042;67.7711;64.4
223.6840417;89.2;0.845417;77.716;60.3
224.5294583;89.3;0.807573;70.9709;55.8
225.3370313;89.4;0.783;74.2967;55.4
226.1200313;90.1;0.781302;76.6283;47.4
226.9013333;90.2;1.00267;76.7949;56.8
227.904;90.3;0.949333;59.8404;55.7
228.8533333;90.4;0.928;63.2022;54.4
229.7813333;91.1;0.773396;64.6552;58.6
230.5547292;91.2;0.645271;77.5799;60.9
231.2;91.3;0.690469;92.9842;67.3
231.8904688;91.4;0.696198;86.8975;70.7
232.5866667;92.1;0.704;86.1824;69.6
233.2906667;92.2;0.736;85.2273;71.2
234.0266667;92.3;0.629333;81.5217;63.8
234.656;92.4;0.736;95.339;66.9
235.392;93.1;0.714667;81.5217;71.3
236.1066667;93.2;0.672;83.9552;64.8
236.7786667;93.3;0.597333;89.2857;69.8
237.376;93.4;0.821333;100.446;68.8
238.1973333;94.1;0.661333;73.0519;73.3
238.8586667;94.2;0.608;90.7258;65.4
239.4666667;94.3;0.631771;98.6842;69.3
240.0984375;94.4;0.744229;94.9711;57
240.8426667;95.1;0.714667;80.6203;76.2
241.5573333;95.2;0.576;83.9552;62.2
242.1333333;95.3;0.624802;104.167;75.3
242.7581354;95.4;0.655198;96.0304;67.9
243.4133333;96.1;0.618667;91.5754;75.1
244.032;96.2;0.672;96.9828;69.6
244.704;96.3;0.59774;89.2857;76
245.3017396;96.4;0.52226;100.378;63.1
245.824;97.1;0.682667;114.885;73.3
246.5066667;97.2;0.599896;87.8906;76.5
247.1065625;97.3;0.658771;100.017;76.8
247.7653333;97.4;0.714667;91.0787;67.6
248.48;98.1;0.650667;83.9552;69.8
249.1306667;98.2;0.693333;92.2131;59.5
249.824;98.3;0.629333;86.5385;66.6
250.4533333;98.4;0.661333;95.339;56.2
251.1146667;99.1;0.64;90.7258;66.2
251.7546667;99.2;0.597333;93.75;58
252.352;99.3;0.601094;100.446;71.6
252.9530938;99.4;0.76424;99.818;65.4
253.7173333;100.1;0.650667;78.5094;71.8
254.368;100.2;0.629333;92.2131;62.5
254.9973333;100.3;0.67274;95.339;67.7
255.6700729;100.4;0.660594;89.1876;62.6
256.3306667;101.1;0.629333;90.8274;65.7
256.96;101.2;0.704;95.339;68
257.664;101.3;0.576;85.2273;65.8
258.24;101.4;0.768;104.167;59
259.008;102.1;0.672;78.125;67.5
259.68;102.2;0.632448;89.2857;66.3
260.3124479;102.3;0.658219;94.8695;73.9
260.9706667;102.4;0.586667;91.1551;70.1
261.5573333;103.1;0.650667;102.273;70
262.208;103.2;0.597333;92.2131;69.8
262.8053333;103.3;0.608;100.446;67.2
263.4133333;103.4;0.672;98.6842;77.6
264.0853333;104.1;0.778667;89.2857;73.2
264.864;104.2;0.661333;77.0548;73.5
265.5253333;104.3;0.565333;90.7258;66.3
266.0906667;104.4;0.693333;106.132;74.4
266.784;105.1;0.714667;86.5385;72.9
267.4986667;105.2;0.554667;83.9552;75.2
268.0533333;105.3;0.695635;108.173;68.6
268.7489688;105.4;0.669698;86.2521;70.4
269.4186667;106.1;0.662865;89.5926;73.2
270.0815313;106.2;0.734469;90.5162;71.6
270.816;106.3;0.661333;81.6917;68.8
271.4773333;106.4;0.768;90.7258;66.9
272.2453333;107.1;0.646698;78.125;67.2
272.8920313;107.2;0.590635;92.779;70.1
273.4826667;107.3;0.565333;101.586;73.9
274.048;107.4;0.682667;106.132;74.2
274.7306667;108.1;0.629333;87.8906;77.2
275.36;108.2;0.629333;95.339;71
275.9893333;108.3;0.586667;95.339;71.5
276.576;108.4;0.669427;102.273;66.7
277.2454271;109.1;0.706573;89.6289;72.3
277.952;109.2;0.618667;84.9169;66.6
278.5706667;109.3;0.565333;96.9828;71.1
279.136;109.4;0.682667;106.132;69.3
279.8186667;110.1;0.576;87.8906;74.8
280.3946667;110.2;0.608;104.167;71.2
281.0026667;110.3;0.608;98.6842;79
281.6106667;110.4;0.597333;98.6842;74.2
282.208;111.1;0.576;100.446;72.8
282.784;111.2;0.618667;104.167;74
283.4026667;111.3;0.521594;96.9828;73.9
283.9242604;111.4;0.630406;115.032;74.2
284.5546667;112.1;0.608;95.1767;79.8
285.1626667;112.2;0.597333;98.6842;76.5
285.76;112.3;0.569354;100.446;78.8
286.3293542;112.4;0.625313;105.383;77.4
286.9546667;113.1;0.576;95.952;79
287.5306667;113.2;0.586667;104.167;80.2
288.1173333;113.3;0.52699;102.273;80.3
288.6443229;113.4;0.646344;113.854;81
289.2906667;114.1;0.544;92.8299;79.4
289.8346667;114.2;0.64;110.294;75.2
290.4746667;114.3;0.512;93.75;75.3
290.9866667;114.4;0.618667;117.188;77.7
291.6053333;115.1;0.522667;96.9828;80.8
292.128;115.2;0.629333;114.796;75.8
292.7573333;115.3;0.506219;95.339;78.9
293.2635521;115.4;0.629083;118.526;79.2
293.8926354;116.1;0.59176;95.3769;80.8
294.4843958;116.2;0.555604;101.392;78
295.04;116.3;0.533333;107.991;76.8
295.5733333;116.4;0.597333;112.5;78.7
296.1706667;117.1;0.586667;100.446;81.1
296.7573333;117.2;0.608;102.273;78.2
297.3653333;117.3;0.661333;98.6842;82.3
298.0266667;117.4;0.597333;90.7258;73.9
298.624;118.1;0.672;100.446;86.3
299.296;118.2;0.544;89.2857;76.8
299.84;118.3;0.48;110.294;83.3
300.32;118.4;0.618667;125;73.9
300.9386667;119.1;0.60374;96.9828;86.4
301.5424063;119.2;0.526927;99.3806;76.7
302.0693333;119.3;0.522667;113.868;80.7
302.592;119.4;0.558;114.796;74.4
303.15;120.1;0.593635;107.527;85.4
303.7436354;120.2;0.531365;101.072;77
304.275;120.3;0.535667;112.917;78.7
304.8106667;120.4;0.560552;112.01;75.2
305.3712188;121.1;0.594448;107.037;86.1
305.9656667;121.2;0.572688;100.934;77.4
306.5383542;121.3;0.469646;104.769;78.2
307.008;121.4;0.629333;127.756;74.6
307.6373333;122.1;0.536427;95.339;85.9
308.1737604;122.2;0.583573;111.851;78.8
308.7573333;122.3;0.469333;102.815;81.9
309.2266667;122.4;0.650667;127.841;75.7
309.8773333;123.1;0.634198;92.2131;85.5
310.5115313;123.2;0.603135;94.6077;77
311.1146667;123.3;0.437333;99.4801;79.6
311.552;123.4;0.64;137.195;76.5
312.192;124.1;0.586667;93.75;85.2
312.7786667;124.2;0.604792;102.273;76.9
313.3834583;124.3;0.525875;99.2077;83.7
313.9093333;124.4;0.650667;114.096;77.3
314.56;125.1;0.554667;92.2131;84.6
315.1146667;125.2;0.661333;108.173;78.1
315.776;125.3;0.725333;90.7258;85.2
316.5013333;125.4;0.841302;82.7206;77.5
317.3426354;126.1;0.769365;71.318;82.3
318.112;126.2;0.48;77.9864;71.6
318.592;126.3;0.576;125;79.7
319.168;126.4;0.551427;104.167;80.3
319.7194271;127.1;0.45124;108.809;72.6
320.1706667;127.2;0.490667;132.967;80.2
320.6613333;127.3;0.469333;122.283;80
321.1306667;127.4;0.512;127.841;81.2
321.6426667;128.1;0.469333;117.188;82.4
322.112;128.2;0.550844;127.841;75.2
322.6628438;128.3;0.473156;108.924;82.4
323.136;128.4;0.565333;126.808;73.6
323.7013333;129.1;0.516469;106.132;81.8
324.2178021;129.2;0.635531;116.174;75.1
324.8533333;129.3;0.554667;94.4092;82.6
325.408;129.4;0.864;108.173;74.9
326.272;130.1;0.693333;69.4444;76.2
326.9653333;130.2;0.586667;86.5385;78.6
327.552;130.3;0.597333;102.273;79.1
328.1493333;130.4;0.704;100.446;79.4
328.8533333;131.1;0.489115;85.2273;77.9
329.3424479;131.2;0.60125;122.671;80.1
329.9436979;131.3;0.648302;99.7921;81.4
330.592;131.4;0.544;92.5494;82
331.136;132.1;0.525833;110.294;82.6
331.6618333;132.2;0.534115;114.105;74.7
332.1959479;132.3;0.550719;112.335;82.1
332.7466667;132.4;0.544;108.949;75
333.2906667;133.1;0.608;110.294;79.9
333.8986667;133.2;0.650937;98.6842;73.3
334.5496042;133.3;0.799729;92.1748;76.1
335.3493333;133.4;1.61805;75.0254;70.8
336.9673854;134.1;0.781948;37.0816;66
337.7493333;134.2;0.64;76.7315;55.4
338.3893333;134.3;0.586667;93.75;68.7
338.976;134.4;0.582917;102.273;69.3
339.5589167;135.1;0.535531;102.931;63.1
340.0944479;135.2;0.544625;112.038;71
340.6390729;135.3;0.480927;110.168;73.5
341.12;135.4;0.576;124.759;74.4
341.696;136.1;0.533333;104.167;74.8
342.2293333;136.2;0.545979;112.5;68.4
342.7753125;136.3;0.670021;109.894;75.9
343.4453333;136.4;0.704;89.5495;71.2
344.1493333;137.1;0.736;85.2273;67.5
344.8853333;137.2;0.725333;81.5217;67.3
345.6106667;137.3;0.629333;82.7206;69
346.24;137.4;0.693333;95.339;61.7
346.9333333;138.1;0.736;86.5385;58.6
347.6693333;138.2;0.608;81.5217;68.6
348.2773333;138.3;0.527552;98.6842;61.7
348.8048854;138.4;0.528448;113.733;70.3
349.3333333;139.1;0.572323;113.54;72.6
349.9056563;139.2;0.526906;104.836;65.8
350.4325625;139.3;0.458104;113.872;71.2
350.8906667;139.4;0.548937;130.975;71
351.4396042;140.1;0.545302;109.302;71
351.9849063;140.2;0.687094;110.031;70.6
352.672;140.3;0.586667;87.3243;65.6
353.2586667;140.4;1.00267;102.273;73
354.2613333;141.1;0.746667;59.8404;65.8
355.008;141.2;0.661333;80.3571;67.4
355.6693333;141.3;0.576;90.7258;68.7
356.2453333;141.4;0.565333;104.167;66.9
356.8106667;142.1;0.552281;106.132;61
357.3629479;142.2;0.631719;108.64;65.7
357.9946667;142.3;0.576;94.979;68.4
358.5706667;142.4;0.650667;104.167;65.3
359.2213333;143.1;0.597333;92.2131;62.4
359.8186667;143.2;0.586667;100.446;69.2
360.4053333;143.3;0.618667;102.273;66.2
361.024;143.4;0.714667;96.9828;67.2
361.7386667;144.1;0.576;83.9552;61.6
362.3146667;144.2;0.618667;104.167;61.6
362.9333333;144.3;0.576;96.9828;62.4
363.5093333;144.4;0.618667;104.167;65.8
364.128;145.1;0.576;96.9828;59.8
364.704;145.2;0.661333;104.167;65.3
365.3653333;145.3;0.64;90.7258;65.3
366.0053333;145.4;0.618667;93.75;65.2
366.624;146.1;0.608;96.9828;64.6
367.232;146.2;0.608;98.6842;66.1
367.84;146.3;0.629333;98.6842;66
368.4693333;146.4;0.629333;95.339;64.2
369.0986667;147.1;0.586667;95.339;63.3
369.6853333;147.2;0.597333;102.273;64.9
370.2826667;147.3;0.672;100.446;63.3
370.9546667;147.4;0.608;89.2857;62.3
371.5626667;148.1;0.661333;98.6842;57.2
372.224;148.2;0.64;90.7258;61.3
372.864;148.3;0.650667;93.75;57.1
373.5146667;148.4;0.586667;92.2131;62.1
374.1013333;149.1;0.618667;102.273;59.8
374.72;149.2;0.571292;96.9828;64.4
375.2912917;149.3;0.623375;105.025;61.9
375.9146667;149.4;0.586667;96.2503;64.6
376.5013333;150.1;0.661333;102.273;63.8
377.1626667;150.2;0.672;90.7258;69.1
377.8346667;150.3;0.576;89.2857;65
378.4106667;150.4;0.576;104.167;67.4
378.9866667;151.1;0.597333;104.167;69.7
379.584;151.2;0.64;100.446;67.6
380.224;151.3;0.618667;93.75;62.1
380.8426667;151.4;0.554667;96.9828;66.7
381.3973333;152.1;0.618667;108.173;64.5
382.016;152.2;0.672;96.9828;69.8
382.688;152.3;0.672;89.2857;69.3
383.36;152.4;0.906667;89.2857;63.9
384.2666667;153.1;0.693333;66.1765;62.2
384.96;153.2;0.618667;86.5385;66.5
385.5786667;153.3;0.597333;96.9828;68.6
386.176;153.4;0.661333;100.446;66
386.8373333;154.1;0.672;90.7258;66.3
387.5093333;154.2;0.704;89.2857;63.3
388.2133333;154.3;0.672;85.2273;67.7
388.8853333;154.4;0.650667;89.2857;65
389.536;155.1;0.629333;92.2131;67.9
390.1653333;155.2;0.672;95.339;63.1
390.8373333;155.3;0.618667;89.2857;69.1
391.456;155.4;0.650667;96.9828;70.9
392.1066667;156.1;0.682667;92.2131;67.9
392.7893333;156.2;0.64;87.8906;66.5
393.4293333;156.3;0.576;93.75;69.7
394.0053333;156.4;0.652583;104.167;70
394.6579167;157.1;0.670083;91.9423;69.2
395.328;157.2;0.661333;89.5411;67.7
395.9893333;157.3;0.586667;90.7258;71.9
396.576;157.4;0.736;102.273;72.9
397.312;158.1;0.650667;81.5217;72.2
397.9626667;158.2;0.746667;92.2131;74.2
398.7093333;158.3;0.682667;80.3571;74.8
399.392;158.4;0.650667;87.8906;70
400.0426667;159.1;0.725333;92.2131;62.7
400.768;159.2;0.789333;82.7206;68.4
401.5573333;159.3;0.682667;76.0135;70.1
402.24;159.4;0.714667;87.8906;67.7
402.9546667;160.1;0.736;83.9552;67
403.6906667;160.2;0.757333;81.5217;64.1
404.448;160.3;0.737292;79.2253;60.8
405.1852917;160.4;0.649375;81.3789;68.6
405.8346667;161.1;0.714667;92.3965;67.2
406.5493333;161.2;0.928;83.9552;61.7
407.4773333;161.3;0.981333;64.6552;58.9
408.4586667;161.4;1.16267;61.1413;55.3
409.6213333;162.1;0.981333;51.6055;49
410.6026667;162.2;0.64;61.1413;60.6
411.2426667;162.3;0.650667;93.75;63.8
411.8933333;162.4;0.736;92.2131;66.7
412.6293333;163.1;0.522667;81.5217;63.1
413.152;163.2;0.650667;114.796;65.2
413.8026667;163.3;0.576;92.2131;61.9
414.3786667;163.4;0.608;104.167;65.6
414.9866667;164.1;0.597333;98.6842;62.6
415.584;164.2;0.624719;100.446;63.1
416.2087188;164.3;0.612615;96.0432;64.7
416.8213333;164.4;0.70075;97.9409;65.5
417.5220833;165.1;0.568115;85.6226;62.5
418.0901979;165.2;0.608469;105.612;66.8
418.6986667;165.3;0.650667;98.6082;64.4
419.3493333;165.4;0.629333;92.2131;70.7
419.9786667;166.1;0.604646;95.339;72.2
420.5833125;166.2;0.611354;99.2316;68.4
421.1946667;166.3;0.606677;98.1428;67.4
421.8013438;166.4;0.641323;98.8994;67.1
422.4426667;167.1;0.618667;93.5566;62.8
423.0613333;167.2;0.682667;96.9828;70.2
423.744;167.3;0.661333;87.8906;66
424.4053333;167.4;0.714667;90.7258;70.5
425.12;168.1;0.853333;83.9552;64
425.9733333;168.2;0.672;70.3125;65.6
426.6453333;168.3;0.629333;89.2857;60
427.2746667;168.4;0.96;95.339;63.9
428.2346667;169.1;0.64;62.5;52.6
428.8746667;169.2;0.586667;93.75;62.7
429.4613333;169.3;0.725333;102.273;60.8
430.1866667;169.4;0.694073;82.7206;59.9
430.8807396;170.1;0.689323;86.4463;55.7
431.5700625;170.2;0.621938;87.0419;59.9
432.192;170.3;0.608;96.4727;57.3
432.8;170.4;0.650667;98.6842;64.5
433.4506667;171.1;0.611854;92.2131;56.8
434.0625208;171.2;0.572146;98.0626;61.2
434.6346667;171.3;0.597333;104.868;60.1
435.232;171.4;0.565333;100.446;60.1
435.7973333;172.1;0.650667;106.132;55.7
436.448;172.2;0.603344;92.2131;63.6
437.0513438;172.3;0.56999;99.4458;58.4
437.6213333;172.4;0.597333;105.265;71.1
438.2186667;173.1;0.590229;100.446;61.7
438.8088958;173.2;0.561771;101.655;62.9
439.3706667;173.3;0.576;106.805;62.2
439.9466667;173.4;0.661333;104.167;62.9
440.608;174.1;0.501333;90.7258;65.2
441.1093333;174.2;0.577167;119.681;72.2
441.6865;174.3;0.596167;103.956;66.4
442.2826667;174.4;0.565333;100.643;67.5
442.848;175.1;0.554667;106.132;63
443.4026667;175.2;0.559896;108.173;69.8
443.9625625;175.3;0.581438;107.163;69.6
444.544;175.4;0.586667;103.193;71.8
445.1306667;176.1;0.533333;102.273;67.1
445.664;176.2;0.512;112.5;73.9
446.176;176.3;0.554667;117.188;71
446.7306667;176.4;0.586667;108.173;71.8
447.3173333;177.1;0.586667;102.273;68.7
447.904;177.2;0.565333;102.273;73.8
448.4693333;177.3;0.675812;106.132;69.2
449.1451458;177.4;0.636187;88.782;74.5
449.7813333;178.1;0.885333;94.3118;67.9
450.6666667;178.2;0.586667;67.7711;75.5
451.2533333;178.3;0.597333;102.273;69.1
451.8506667;178.4;0.448;100.446;70.5
452.2986667;179.1;0.554667;133.929;72
452.8533333;179.2;0.520344;108.173;70.9
453.3736771;179.3;0.55699;115.308;70.7
453.9306667;179.4;0.575396;107.722;62.5
454.5060625;180.1;0.501938;104.276;69.1
455.008;180.2;0.554667;119.537;72.6
455.5626667;180.3;0.608;108.173;63.7
456.1706667;180.4;0.508292;98.6842;66.5
456.6789583;181.1;0.611708;118.042;62
457.2906667;181.2;0.533333;98.086;53.9
457.824;181.3;0.565333;112.5;53.4
458.3893333;181.4;0.608;106.132;51.7
458.9973333;182.1;0.578687;98.6842;64.5
459.5760208;182.2;0.51924;103.683;59.1
460.0952604;182.3;0.491406;115.554;67.7
460.5866667;182.4;0.618667;122.099;62.9
461.2053333;183.1;0.533333;96.9828;73.7
461.7386667;183.2;0.544;112.5;67.4
462.2826667;183.3;0.501333;110.294;67.8
462.784;183.4;0.565333;119.681;70.7
463.3493333;184.1;0.629333;106.132;68.6
463.9786667;184.2;0.533333;95.339;74.5
464.512;184.3;0.533333;112.5;70.2
465.0453333;184.4;0.64;112.5;69.1
465.6853333;185.1;0.704;93.75;73.5
466.3893333;185.2;0.426667;85.2273;71.5
466.816;185.3;0.650667;140.625;81.6
467.4666667;185.4;0.432958;92.2131;74.6
467.899625;186.1;0.717583;138.581;72.9
468.6172083;186.2;0.449458;83.614;82.5
469.0666667;186.3;0.522667;133.494;80.9
469.5893333;186.4;0.650667;114.796;77.6
470.24;187.1;0.608;92.2131;79.1
470.848;187.2;0.493854;98.6842;74.5
471.3418542;187.3;0.508812;121.493;75.1
471.8506667;187.4;0.565333;117.922;71.4
472.416;188.1;0.661333;106.132;69.6
473.0773333;188.2;0.472542;90.7258;79.6
473.549875;188.3;0.47549;126.973;77.8
474.0253646;188.4;0.598635;126.186;74.2
474.624;189.1;0.576;100.228;83.3
475.2;189.2;0.416;104.167;75.8
475.616;189.3;0.512;144.231;74.6
476.128;189.4;0.64;117.188;76.5
476.768;190.1;0.476208;93.75;73.3
477.2442083;190.2;0.48599;125.995;76.6
477.7301979;190.3;0.554646;123.459;76.7
478.2848438;190.4;0.61649;108.177;79.9
478.9013333;191.1;0.565333;97.3252;70.6
479.4666667;191.2;0.490667;106.132;75.3
479.9573333;191.3;0.48;122.283;78.5
480.4373333;191.4;0.504156;125;77.5
480.9414896;192.1;0.487844;119.011;77.4
481.4293333;192.2;0.469333;122.99;76.3
481.8986667;192.3;0.48;127.841;77.1
482.3786667;192.4;0.618667;125;78.6
482.9973333;193.1;0.64;96.9828;75.4
483.6373333;193.2;0.565333;93.75;67.9
484.2026667;193.3;0.576792;106.132;79.1
484.7794583;193.4;0.873875;104.024;72.7
485.6533333;194.1;0.725333;68.6597;71.7
486.3786667;194.2;0.650667;82.7206;69.9
487.0293333;194.3;0.755667;92.2131;77.8
487.785;194.4;0.737667;79.4001;72
488.5226667;195.1;0.693333;81.3375;69.9
489.216;195.2;0.544;86.5385;73.4
489.76;195.3;0.501333;110.294;71.9
490.2613333;195.4;0.608;119.681;76.6
490.8693333;196.1;0.501333;98.6842;71.8
491.3706667;196.2;0.544;119.681;71
491.9146667;196.3;0.48;110.294;70.6
492.3946667;196.4;0.554667;125;75.4
492.9493333;197.1;0.565667;108.173;74.2
493.515;197.2;0.511667;106.07;72.9
494.0266667;197.3;0.565333;117.264;71.5
494.592;197.4;0.554667;106.132;73
495.1466667;198.1;0.586667;108.173;70.2
495.7333333;198.2;0.586667;102.273;70.5
496.32;198.3;0.554667;102.273;65
496.8746667;198.4;0.682667;108.173;70.2
497.5573333;199.1;0.597333;87.8906;71.9
498.1546667;199.2;0.597333;100.446;73.2
498.752;199.3;0.533333;100.446;71.5
499.2853333;199.4;0.586667;112.5;74.8
499.872;200.1;0.544;102.273;72.4
500.416;200.2;0.530042;110.294;71.2
500.9460417;200.3;0.515292;113.199;72.9
501.4613333;200.4;0.550313;116.439;75.8
502.0116458;201.1;0.548354;109.029;75.9
502.56;201.2;0.544;109.418;73.6
503.104;201.3;0.522667;110.294;76.2
503.6266667;201.4;0.650667;114.796;78.2
504.2773333;202.1;0.629333;92.2131;71.4
504.9066667;202.2;0.618667;95.339;70
505.5253333;202.3;0.576;96.9828;65.8
506.1013333;202.4;0.693333;104.167;64.8
506.7946667;203.1;0.544;86.5385;59.6
507.3386667;203.2;0.533333;110.294;65.7
507.872;203.3;0.512;112.5;65.6
508.384;203.4;0.586667;117.188;69.7
508.9706667;204.1;0.554667;102.273;64.3
509.5253333;204.2;0.486375;108.173;65.8
510.0117083;204.3;0.526958;123.362;64
510.5386667;204.4;0.490667;113.861;64.4
511.0293333;205.1;0.522667;122.283;68.6
511.552;205.2;0.512;114.796;73.6
512.064;205.3;0.48;117.188;73.2
512.544;205.4;0.597333;125;73.8
513.1413333;206.1;0.48;100.446;65.7
513.6213333;206.2;0.498094;125;66.4
514.1194271;206.3;0.504573;120.459;67.1
514.624;206.4;0.554667;118.912;68.3
515.1786667;207.1;0.618667;108.173;70.6
515.7973333;207.2;0.437333;96.9828;71
516.2346667;207.3;0.458667;137.195;76.2
516.6933333;207.4;0.544;130.814;75.5
517.2373333;208.1;0.512;110.294;72.8
517.7493333;208.2;0.448;117.188;72.7
518.1973333;208.3;0.469333;133.929;76.2
518.6666667;208.4;0.501333;127.841;76
519.168;209.1;0.522667;119.681;74.6
519.6906667;209.2;0.458667;114.796;70.6
520.1493333;209.3;0.455667;130.814;74.2
520.605;209.4;0.483;131.675;76.1
521.088;210.1;0.48;124.224;73.6
521.568;210.2;0.512;125;69.4
522.08;210.3;0.458667;117.188;71.5
522.5386667;210.4;0.565333;130.814;72.3
523.104;211.1;0.520375;106.132;70.4
523.624375;211.2;0.468125;115.301;74.9
524.0925;211.3;0.465885;128.171;77
524.5583854;211.4;0.494115;128.787;75.6
525.0525;212.1;0.5155;121.429;77.5
525.568;212.2;0.4445;116.392;75.2
526.0125;212.3;0.4195;134.983;77.1
526.432;212.4;0.458667;143.027;76.4
526.8906667;213.1;0.475292;130.814;76.2
527.3659583;213.2;0.431375;126.238;77.3
527.7973333;213.3;0.426667;139.09;76.7
528.224;213.4;0.469333;140.625;77.3
528.6933333;214.1;0.458667;127.841;80.7
529.152;214.2;0.416;130.814;79.8
529.568;214.3;0.416;144.231;81.8
529.984;214.4;0.533333;144.231;77.8
530.5173333;215.1;0.677552;112.5;77.7
531.1948854;215.2;0.485115;88.5541;78.3
531.68;215.3;0.597333;123.682;81.3
532.2773333;215.4;0.469333;100.446;76.4
532.7466667;216.1;0.64;127.841;77.2
533.3866667;216.2;0.416;93.75;81.1
533.8026667;216.3;0.467833;144.231;79.5
534.2705;216.4;0.4495;128.251;75.6
534.72;217.1;0.512;133.482;77.8
535.232;217.2;0.454844;117.188;79.9
535.6868438;217.3;0.505156;131.913;79.5
536.192;217.4;0.530448;118.775;80.4
536.7224479;218.1;0.568219;113.112;82
537.2906667;218.2;0.64;105.593;80.6
537.9306667;218.3;0.650667;93.75;78.3
538.5813333;218.4;0.832;92.2131;78.1
539.4133333;219.1;0.650667;72.1154;76.3
540.064;219.2;0.608;92.2131;79.8
540.672;219.3;0.497823;98.6842;70.3
541.1698229;219.4;0.46974;120.525;74.8
541.6395625;220.1;0.504438;127.73;74.9
542.144;220.2;0.464198;118.944;75.1
542.6081979;220.3;0.460969;129.255;76
543.0691667;220.4;0.493604;130.161;78.1
543.5627708;221.1;0.479896;121.555;73.5
544.0426667;221.2;0.522667;125.027;74.7
544.5653333;221.3;0.576;114.796;70.7
545.1413333;221.4;0.448;104.167;75.4
545.5893333;222.1;0.576;133.929;72.2
546.1653333;222.2;0.672;104.167;75.6
546.8373333;222.3;0.757333;89.2857;69.8
547.5946667;222.4;0.810667;79.2253;72.9
548.4053333;223.1;0.437333;74.0132;70.7
548.8426667;223.2;0.504521;137.195;74.1
549.3471875;223.3;0.636813;118.925;75.5
549.984;223.4;0.618667;94.2193;71.9
550.6026667;224.1;0.522667;96.9828;73.5
551.1253333;224.2;0.650667;114.796;74
551.776;224.3;0.682667;92.2131;75.3
552.4586667;224.4;0.618667;87.8906;73.1
553.0773333;225.1;0.511792;96.9828;73.6
553.589125;225.2;0.567281;117.235;77
554.1564063;225.3;0.537042;105.768;76.6
554.6934479;225.4;0.517219;111.723;74.2
555.2106667;226.1;0.565333;116.005;77.2
555.776;226.2;0.618667;106.132;73.2
556.3946667;226.3;0.746667;96.9828;69.7
557.1413333;226.4;1.13067;80.3571;66.6
558.272;227.1;0.618667;53.066;71.4
558.8906667;227.2;0.704;96.9828;70.4
559.5946667;227.3;0.576927;85.2273;71.6
560.1715938;227.4;0.636948;103.999;71.6
560.8085417;228.1;0.492792;94.1992;66.6
561.3013333;228.2;0.565885;121.755;70.6
561.8672188;228.3;0.581552;106.029;70.7
562.4487708;228.4;0.527229;103.172;73
562.976;229.1;0.56524;113.803;67.4
563.5412396;229.2;0.55476;106.15;71.2
564.096;229.3;0.501333;108.155;73.5
564.5973333;229.4;0.597333;119.681;66.8
565.1946667;230.1;0.490667;100.446;75.2
565.6853333;230.2;0.533333;122.283;73.8
566.2186667;230.3;0.544;112.5;72.2
566.7626667;230.4;0.693333;110.294;73.7
567.456;231.1;0.672;86.5385;74.7
568.128;231.2;0.725333;89.2857;75.9
568.8533333;231.3;0.597333;82.7206;72.4
569.4506667;231.4;0.650667;100.446;73.2
570.1013333;232.1;0.650667;92.2131;71.6
570.752;232.2;0.650667;92.2131;72.5
571.4026667;232.3;0.726771;92.2131;70.2
572.1294375;232.4;0.78899;82.557;70.5
572.9184271;233.1;0.66024;76.0466;62.8
573.5786667;233.2;0.768;90.8761;71.2
574.3466667;233.3;0.714667;78.125;68.6
575.0613333;233.4;0.693333;83.9552;65.3
575.7546667;234.1;0.629333;86.5385;62
576.384;234.2;0.778667;95.339;73.1
577.1626667;234.3;0.885333;77.0548;68.5
578.048;234.4;0.64;67.7711;66.5
578.688;235.1;0.725333;93.75;65.4
579.4133333;235.2;0.704;82.7206;71.1
580.1173333;235.3;0.736;85.2273;66.2
580.8533333;235.4;0.629333;81.5217;70.8
581.4826667;236.1;0.725333;95.339;66.2
582.208;236.2;0.746667;82.7206;66.8
582.9546667;236.3;0.928;80.3571;64.5
583.8826667;236.4;0.981333;64.6552;65.3
584.864;237.1;1.01333;61.1413;59
585.8773333;237.2;0.992;59.2105;52.5
586.8693333;237.3;0.992;60.4839;42.8
587.8613333;237.4;0.981333;60.4839;39.5
588.8426667;238.1;1.44;61.1413;61.5
590.2826667;238.2;1.03467;41.6667;53.9
591.3173333;238.3;1.16267;57.9897;42
592.48;238.4;1.04533;51.6055;51.4
593.5253333;239.1;0.890198;57.398;55.9
594.4155313;239.2;0.763135;67.4007;59.1
595.1786667;239.3;0.768;78.623;56.4
595.9466667;239.4;0.778667;78.125;56.9
596.7253333;240.1;0.746667;77.0548;59.9
597.472;240.2;0.725333;80.3571;61.5
598.1973333;240.3;0.693333;82.7206;66.8
598.8906667;240.4;0.704;86.5385;62
599.5946667;241.1;0.725333;85.2273;63.7
600.32;241.2;0.757333;82.7206;58.2
601.0773333;241.3;0.736;79.2253;63
601.8133333;241.4;0.8;81.5217;61.1
602.6133333;242.1;0.736;75;63
603.3493333;242.2;0.810667;81.5217;58.9
604.16;242.3;0.757333;74.0132;64.3
604.9173333;242.4;0.821333;79.2253;64.4
605.7386667;243.1;0.874667;73.0519;63.2
606.6133333;243.2;0.776958;68.5976;59.1
607.3902917;243.3;0.791042;77.2242;64
608.1813333;243.4;0.8;75.8494;59.1
608.9813333;244.1;0.746667;75;56.9
609.728;244.2;0.746667;80.3571;63
610.4746667;244.3;0.768;80.3571;61.7
611.2426667;244.4;0.682667;78.125;64.5
611.9253333;245.1;0.8;87.8906;61
612.7253333;245.2;0.789333;75;61.6
613.5146667;245.3;0.896;76.0135;58.9
614.4106667;245.4;0.949333;66.9643;61.7
615.36;246.1;0.885333;63.2022;61.8
616.2453333;246.2;0.885333;67.7711;70.6
617.1306667;246.3;0.8;67.7711;72.9
617.9306667;246.4;0.8;75;66.7
618.7306667;247.1;0.778667;75;67.7
619.5093333;247.2;0.796708;77.0548;65.9
620.3060417;247.3;0.792625;75.3099;68.9
621.0986667;247.4;0.725333;75.6978;65
621.824;248.1;0.725333;82.7206;62.8
622.5493333;248.2;0.789333;82.7206;69.6
623.3386667;248.3;0.757333;76.0135;64.9
624.096;248.4;0.736;79.2253;64.2
624.832;249.1;0.789333;81.5217;67
625.6213333;249.2;0.757333;76.0135;64.8
626.3786667;249.3;0.789333;79.2253;64.6
627.168;249.4;0.704;76.0135;64.8
627.872;250.1;0.725333;85.2273;61.8
628.5973333;250.2;0.821333;82.7206;66.1
629.4186667;250.3;0.836708;73.0519;65.1
630.255375;250.4;0.752625;71.7096;64.8
631.008;251.1;0.795427;79.721;70.1
631.8034271;251.2;0.87924;75.4312;72.8
632.6826667;251.3;0.819354;68.2408;65.2
633.5020208;251.4;0.887312;73.2284;65.4
634.3893333;252.1;0.757333;67.6199;62.8
635.1466667;252.2;0.874667;79.2253;63.6
636.0213333;252.3;0.938667;68.5976;62.7
636.96;252.4;1.16267;63.9205;55.9
638.1226667;253.1;0.917333;51.6055;62.7
639.04;253.2;0.746667;65.407;56.7
639.7866667;253.3;0.704;80.3571;64.1
640.4906667;253.4;0.96;85.2273;60.5
641.4506667;254.1;0.949333;62.5;67.3
642.4;254.2;0.96;63.2022;53.1
643.36;254.3;0.693333;62.5;55.7
644.0533333;254.4;0.928;86.5385;51.2
644.9813333;255.1;0.874667;64.6552;65.7
645.856;255.2;0.864;68.5976;57.1
646.72;255.3;0.810667;69.4444;59.4
647.5306667;255.4;1.17333;74.0132;60
648.704;256.1;0.810667;51.1364;58.3
649.5146667;256.2;0.682667;74.0132;60.4
650.1973333;256.3;0.736;87.8906;65.3
650.9333333;256.4;0.757333;81.5217;59.3
651.6906667;257.1;0.8;79.2253;64.6
652.4906667;257.2;0.736;75;59.6
653.2266667;257.3;0.708812;81.5217;64.2
653.9354792;257.4;0.784521;84.6486;65.3
654.72;258.1;0.693333;76.4798;62.2
655.4133333;258.2;0.672;86.5385;64.5
656.0853333;258.3;0.768;89.2857;61.2
656.8533333;258.4;0.725333;78.125;61.3
657.5786667;259.1;0.713594;82.7206;60.4
658.2922604;259.2;0.769073;84.0815;62.9
659.0613333;259.3;0.721354;78.016;64.5
659.7826875;259.4;0.825312;83.1769;64.6
660.608;260.1;0.693177;72.6997;61.5
661.3011771;260.2;0.810823;86.558;68.9
662.112;260.3;0.757333;73.9989;58.9
662.8693333;260.4;0.704;79.2253;62
663.5733333;261.1;0.714667;85.2273;59.1
664.288;261.2;0.885333;83.9552;60.9
665.1733333;261.3;0.716146;67.7711;53.2
665.8894792;261.4;0.819854;83.7818;57.2
666.7093333;262.1;0.736;73.1837;65.2
667.4453333;262.2;0.692958;81.5217;63.1
668.1382917;262.3;0.661708;86.5853;72.9
668.8;262.4;0.789333;90.6744;63.6
669.5893333;263.1;0.8;76.0135;70.5
670.3893333;263.2;0.778667;75;62.7
671.168;263.3;0.736;77.0548;58.2
671.904;263.4;0.908469;81.5217;57.6
672.8124688;264.1;0.830198;66.0452;66
673.6426667;264.2;0.810667;72.2719;51.6
674.4533333;264.3;0.768;74.0132;48.3
675.2213333;264.4;1.03467;78.125;50.5
676.256;265.1;0.788115;57.9897;66.6
677.0441146;265.2;0.737219;76.1311;67.1
677.7813333;265.3;0.650667;81.387;65.5
678.432;265.4;0.789333;92.2131;67.5
679.2213333;266.1;0.768;76.0135;67.4
679.9893333;266.2;0.736;78.125;70.9
680.7253333;266.3;0.693333;81.5217;69.5
681.4186667;266.4;0.746667;86.5385;67.1
682.1653333;267.1;0.725333;80.3571;65.3
682.8906667;267.2;0.842667;82.7206;66.1
683.7333333;267.3;0.755521;71.2025;58.4
684.4888542;267.4;0.823146;79.4154;64
685.312;268.1;0.768;72.8911;63.3
686.08;268.2;0.853333;78.125;65.3
686.9333333;268.3;0.874667;70.3125;63.9
687.808;268.4;1.10933;68.5976;62.5
688.9173333;269.1;0.842667;54.0865;60.9
689.76;269.2;0.768;71.2025;65.7
690.528;269.3;0.725333;78.125;56.9
691.2533333;269.4;0.696031;82.7206;63.8
691.9493646;270.1;0.715896;86.203;68.9
692.6652604;270.2;0.732073;83.8111;63.5
693.3973333;270.3;0.701198;81.959;71.2
694.0985313;270.4;0.749469;85.5679;67.3
694.848;271.1;0.789333;80.0567;72.3
695.6373333;271.2;0.757333;76.0135;73.6
696.3946667;271.3;0.73176;79.2253;72.5
697.1264271;271.4;0.809271;81.994;72.1
697.9356979;272.1;0.720302;74.1408;72
698.656;272.2;0.703521;83.2984;68
699.3595208;272.3;0.704479;85.2853;72.2
700.064;272.4;0.672;85.1693;69.5
700.736;273.1;0.745854;89.2857;75.7
701.4818542;273.2;0.662146;80.4447;67.8
702.144;273.3;0.735156;90.6145;78.4
702.8791563;273.4;0.636896;81.6153;71.8
703.5160521;274.1;0.697281;94.2069;72.7
704.2133333;274.2;0.746667;86.0485;73.4
704.96;274.3;0.693333;80.3571;73.3
705.6533333;274.4;0.693333;86.5385;69.8
706.3466667;275.1;0.768;86.5385;76.8
707.1146667;275.2;0.810667;78.125;71.7
707.9253333;275.3;0.938667;74.0132;75.7
708.864;275.4;0.96;63.9205;73.1
709.824;276.1;1.04533;62.5;75.5
710.8693333;276.2;0.896;57.398;69.9
711.7653333;276.3;0.864;66.9643;68.1
712.6293333;276.4;0.810667;69.4444;71.6
713.44;277.1;0.810667;74.0132;73.9
714.2506667;277.2;0.906667;74.0132;74.2
715.1573333;277.3;0.842667;66.1765;67.1
716;277.4;0.906667;71.2025;67.1
716.9066667;278.1;0.921354;66.1765;59.3
717.8280208;278.2;1.00931;65.1215;66
718.8373333;278.3;1.07733;59.4464;66.6
719.9146667;278.4;1.38667;55.6931;56.1
721.3013333;279.1;0.986396;43.2692;61.2
722.2877292;279.2;0.919865;60.8275;66.3
723.2075938;279.3;1.02707;65.227;63.7
724.2346667;279.4;1.03467;58.4184;61.3
725.2693333;280.1;1.00267;57.9897;61.1
726.272;280.2;0.992;59.8404;66.3
727.264;280.3;1.248;60.4839;63.5
728.512;280.4;2.4942;48.0769;60.2
731.0061979;281.1;0;24.0558;57.7
