Onset;Bar.Quaver;Duration (s);Tempo (bpm);Intensity (dB)
1.563333333;0.5;0.256667;0;64.9
1.82;0.6;0.28;233.766;68.4
2.1;1.1;0.236667;214.286;72.6
2.336666667;1.2;0.233333;253.521;66
2.57;1.3;0.253333;257.143;68.5
2.823333333;1.4;0.263333;236.842;60.2
3.086666667;1.5;0.246667;227.848;68.4
3.333333333;1.6;0.29;243.243;64.1
3.623333333;2.1;0.23;206.897;72.5
3.853333333;2.2;0.246667;260.87;75.6
4.1;2.3;0.266667;243.243;71.5
4.366666667;2.4;0.216667;225;69.9
4.583333333;2.5;0.206667;276.923;69.6
4.79;2.6;0.24;290.323;70.1
5.03;3.1;0.226667;250;76.5
5.256666667;3.2;0.228729;264.706;74.6
5.485395833;3.3;0.221271;262.319;70.9
5.706666667;3.4;0.226667;271.161;63.1
5.933333333;3.5;0.223333;264.706;67
6.156666667;3.6;0.25;268.657;62.4
6.406666667;4.1;0.236667;240;75.8
6.643333333;4.2;0.213333;253.521;77.1
6.856666667;4.3;0.213333;281.25;74.8
7.07;4.4;0.223333;281.25;71.2
7.293333333;4.5;0.206188;268.657;70.1
7.499520833;4.6;0.203812;290.997;67.3
7.703333333;5.1;0.193333;294.388;75.8
7.896666667;5.2;0.22;310.345;76.8
8.116666667;5.3;0.235667;272.727;73.7
8.352333333;5.4;0.211;254.597;65.6
8.563333333;5.5;0.23;284.36;75.1
8.793333333;5.6;0.22;260.87;64.3
9.013333333;6.1;0.226667;272.727;71.5
9.24;6.2;0.206667;264.706;75.5
9.446666667;6.3;0.206667;290.323;75.8
9.653333333;6.4;0.197979;290.323;74.3
9.8513125;6.5;0.221646;303.062;76.5
10.07295833;6.6;0.203708;270.702;73.6
10.27666667;7.1;0.2;294.539;79.5
10.47666667;7.2;0.236667;300;81.6
10.71333333;7.3;0.22;253.521;82
10.93333333;7.4;0.22;272.727;75.2
11.15333333;7.5;0.25;272.727;74.6
11.40333333;7.6;0.223333;240;69.4
11.62666667;8.1;0.213333;268.657;80.3
11.84;8.2;0.213333;281.25;77
12.05333333;8.3;0.2;281.25;76
12.25333333;8.4;0.256667;300;70.6
12.51;8.5;0.196667;233.766;77.1
12.70666667;8.6;0.239625;305.085;70.8
12.94629167;9.1;0.220375;250.391;76.4
13.16666667;9.2;0.21;272.263;72.8
13.37666667;9.3;0.21;285.714;75.9
13.58666667;9.4;0.236667;285.714;67.1
13.82333333;9.5;0.24;253.521;78.5
14.06333333;9.6;0.266667;250;72.2
14.33;10.1;0.236667;225;77
14.56666667;10.2;0.223333;253.521;78.9
14.79;10.3;0.276667;268.657;79.3
15.06666667;10.4;0.231583;216.867;74.9
15.29825;10.5;0.32175;259.086;72.3
15.62;10.6;0.247729;186.48;77.6
15.86772917;11.1;0.247271;242.2;75.8
16.115;11.2;0.199521;242.649;70.6
16.31452083;11.3;0.206813;300.72;73.4
16.52133333;11.4;0.228667;290.118;65.7
16.75;11.5;0.220542;262.391;77.8
16.97054167;11.6;0.272917;272.057;70.7
17.24345833;12.1;0.214667;219.847;74.9
17.458125;12.2;0.228542;279.503;74.9
17.68666667;12.3;0.233333;262.534;75.4
17.92;12.4;0.277333;257.143;71.4
18.19733333;12.5;0.256;216.346;74.3
18.45333333;12.6;0.253333;234.375;76.1
18.70666667;13.1;0.223146;236.842;78.7
18.9298125;13.2;0.293521;268.882;77
19.22333333;13.3;0.266667;204.415;74.3
19.49;13.4;0.239854;225;68.8
19.72985417;13.5;0.263479;250.152;77.1
19.99333333;13.6;0.263187;227.722;73.6
20.25652083;14.1;0.313479;227.974;71.6
20.57;14.2;0.266667;191.4;70.4
20.83666667;14.3;0.306667;225;66
21.14333333;14.4;0.392083;195.652;61.2
21.53541667;14.5;0.254479;153.029;67.6
21.78989583;14.6;0.271083;235.776;69.1
22.06097917;15.1;0.208167;221.334;67.7
22.26914583;15.2;0.230854;288.231;67.6
22.5;15.3;0.23;259.904;70.1
22.73;15.4;0.26;260.87;63.5
22.99;15.5;0.219812;230.769;71.5
23.2098125;15.6;0.255458;272.96;64.4
23.46527083;16.1;0.216063;234.872;80.5
23.68133333;16.2;0.242;277.697;79.3
23.92333333;16.3;0.196271;247.934;75.4
24.11960417;16.4;0.287062;305.7;71.6
24.40666667;16.5;0.203333;209.014;70.5
24.61;16.6;0.253333;295.082;79.1
24.86333333;17.1;0.23;236.842;77.3
25.09333333;17.2;0.223333;260.87;71.1
25.31666667;17.3;0.203333;268.657;68.8
25.52;17.4;0.22;295.082;68.9
25.74;17.5;0.243333;272.727;71.8
25.98333333;17.6;0.273333;246.575;64.7
26.25666667;18.1;0.233333;219.512;81.1
26.49;18.2;0.223333;257.143;78.8
26.71333333;18.3;0.216667;268.657;75.2
26.93;18.4;0.222333;276.923;70.2
27.15233333;18.5;0.207667;269.865;73.4
27.36;18.6;0.236667;288.925;80.1
27.59666667;19.1;0.24;253.521;74.9
27.83666667;19.2;0.223333;250;74.5
28.06;19.3;0.213333;268.657;74.9
28.27333333;19.4;0.223333;281.25;68.2
28.49666667;19.5;0.236667;268.657;77.6
28.73333333;19.6;0.223333;253.521;67.7
28.95666667;20.1;0.27;268.657;76.7
29.22666667;20.2;0.206667;222.222;72.8
29.43333333;20.3;0.19;290.323;70.5
29.62333333;20.4;0.217292;315.789;80.4
29.840625;20.5;0.219375;276.127;79.2
30.06;20.6;0.266667;273.504;77.6
30.32666667;21.1;0.203333;225;78.6
30.53;21.2;0.236667;295.082;78.1
30.76666667;21.3;0.213333;253.521;79
30.98;21.4;0.213333;281.25;74.4
31.19333333;21.5;0.216667;281.25;76.1
31.41;21.6;0.23;276.923;76
31.64;22.1;0.231083;260.87;82.7
31.87108333;22.2;0.208917;259.647;77.3
32.08;22.3;0.253333;287.196;77.1
32.33333333;22.4;0.203333;236.842;76.6
32.53666667;22.5;0.213333;295.082;81.5
32.75;22.6;0.244687;281.25;75.6
32.9946875;23.1;0.227354;245.211;81.8
33.22204167;23.2;0.221292;263.905;78.5
33.44333333;23.3;0.226667;271.135;79.3
33.67;23.4;0.226667;264.706;71.4
33.89666667;23.5;0.22;264.706;77.2
34.11666667;23.6;0.28;272.727;74.7
34.39666667;24.1;0.263333;214.286;76
34.66;24.2;0.27;227.848;78.6
34.93;24.3;0.236667;222.222;74.9
35.16666667;24.4;0.263333;253.521;66.6
35.43;24.5;0.253333;227.848;73.5
35.68333333;24.6;0.213333;236.842;71.8
35.89666667;25.1;0.237375;281.25;82.4
36.13404167;25.2;0.212625;252.765;79.9
36.34666667;25.3;0.226667;282.187;76.6
36.57333333;25.4;0.23;264.706;72.6
36.80333333;25.5;0.216667;260.87;78.3
37.02;25.6;0.266667;276.923;73.3
37.28666667;26.1;0.3;225;73.1
37.58666667;26.2;0.256667;200;70.5
37.84333333;26.3;0.223333;233.766;69.9
38.06666667;26.4;0.256667;268.657;65.6
38.32333333;26.5;0.26;233.766;75.7
38.58333333;26.6;0.25;230.769;76.1
38.83333333;27.1;0.286667;240;71.8
39.12;27.2;0.243333;209.302;70.4
39.36333333;27.3;0.26;246.575;70.2
39.62333333;27.4;0.253333;230.769;64.8
39.87666667;27.5;0.25;236.842;72.2
40.12666667;27.6;0.309438;240;72.2
40.43610417;28.1;0.317229;193.9;67.7
40.75333333;28.2;0.306667;189.138;64.5
41.06;28.3;0.38;195.652;65.2
41.44;28.4;0.416667;157.895;59.5
41.85666667;28.5;0.253333;144;64
42.11;28.6;0.27;236.842;65.7
42.38;29.1;0.212875;222.222;72.5
42.592875;29.2;0.250458;281.856;70.5
42.84333333;29.3;0.243333;239.561;69.3
43.08666667;29.4;0.236667;246.575;62.6
43.32333333;29.5;0.256667;253.521;75.2
43.58;29.6;0.266667;233.766;70.1
43.84666667;30.1;0.28;225;76.9
44.12666667;30.2;0.27;214.286;79.4
44.39666667;30.3;0.233333;222.222;83.6
44.63;30.4;0.25;257.143;77.9
44.88;30.5;0.2;240;78.2
45.08;30.6;0.233333;300;76.5
45.31333333;31.1;0.263333;257.143;79
45.57666667;31.2;0.236667;227.848;80
45.81333333;31.3;0.226667;253.521;76.8
46.04;31.4;0.2735;264.706;68.7
46.3135;31.5;0.269833;219.378;76
46.58333333;31.6;0.236667;222.359;70.3
46.82;32.1;0.206667;253.521;72.5
47.02666667;32.2;0.24;290.323;77.4
47.26666667;32.3;0.253333;250;77.9
47.52;32.4;0.233333;236.842;76.8
47.75333333;32.5;0.210208;257.143;76.9
47.96354167;32.6;0.263125;285.431;74.7
48.22666667;33.1;0.230312;228.029;73.6
48.45697917;33.2;0.248063;260.516;75.7
48.70504167;33.3;0.231646;241.875;73.2
48.9366875;33.4;0.209979;259.016;66.4
49.14666667;33.5;0.237687;285.743;72.8
49.38435417;33.6;0.292792;252.432;72.3
49.67714583;34.1;0.222167;204.924;76.1
49.8993125;34.2;0.214312;270.068;79.1
50.113625;34.3;0.217104;279.965;80.2
50.33072917;34.4;0.240729;276.365;78
50.57145833;34.5;0.212604;249.243;78.8
50.7840625;34.6;0.210458;282.215;80.4
50.99452083;35.1;0.223583;285.092;82.3
51.21810417;35.2;0.281896;268.356;80.3
51.5;35.3;0.263333;212.845;76
51.76333333;35.4;0.212479;227.848;72.7
51.9758125;35.5;0.244188;282.381;69.6
52.22;35.6;0.28;245.713;70.7
52.5;36.1;0.226667;214.286;77.6
52.72666667;36.2;0.226667;264.706;83.4
52.95333333;36.3;0.223333;264.706;82.9
53.17666667;36.4;0.196667;268.657;79.8
53.37333333;36.5;0.206667;305.085;85
53.58;36.6;0.293333;290.323;82.1
53.87333333;37.1;0.276667;204.545;84.7
54.15;37.2;0.243333;216.867;76.4
54.39333333;37.3;0.266667;246.575;73.7
54.66;37.4;0.28;225;68.7
54.94;37.5;0.336667;214.286;69.3
55.27666667;37.6;0.403333;178.218;65.7
55.68;38.1;0.253333;148.76;78
55.93333333;38.2;0.21375;236.842;67.2
56.14708333;38.3;0.262917;280.702;67.2
56.41;38.4;0.239583;228.209;81
56.64958333;38.5;0.215104;250.435;78.1
56.8646875;38.6;0.235313;278.935;78.7
57.1;39.1;0.283333;254.98;82.1
57.38333333;39.2;0.31;211.765;77.3
57.69333333;39.3;0.266667;193.548;75.6
57.96;39.4;0.24;225;76.7
58.2;39.5;0.226667;250;77.5
58.42666667;39.6;0.27;264.706;76.7
58.69666667;40.1;0.236667;222.222;76.5
58.93333333;40.2;0.223333;253.521;77.4
59.15666667;40.3;0.246667;268.657;75.3
59.40333333;40.4;0.215646;243.243;75.8
59.61897917;40.5;0.221021;278.234;79.6
59.84;40.6;0.24;271.468;80.2
60.08;41.1;0.266667;250;82
60.34666667;41.2;0.213333;225;79.4
60.56;41.3;0.236667;281.25;80.2
60.79666667;41.4;0.22;253.521;75.9
61.01666667;41.5;0.213333;272.727;77.5
61.23;41.6;0.263333;281.25;76
61.49333333;42.1;0.27;227.848;79.7
61.76333333;42.2;0.222375;222.222;79.6
61.98570833;42.3;0.270958;269.815;79.9
62.25666667;42.4;0.203333;221.436;84.9
62.46;42.5;0.226667;295.082;81.8
62.68666667;42.6;0.253333;264.706;81
62.94;43.1;0.26;236.842;85.8
63.2;43.2;0.256667;230.769;84.8
63.45666667;43.3;0.236667;233.766;84.2
63.69333333;43.4;0.246667;253.521;80.2
63.94;43.5;0.216667;243.243;84.1
64.15666667;43.6;0.263333;276.923;82.6
64.42;44.1;0.253333;227.848;81.5
64.67333333;44.2;0.236667;236.842;81.7
64.91;44.3;0.266667;253.521;78.2
65.17666667;44.4;0.176667;225;82.9
65.35333333;44.5;0.226667;339.623;83.3
65.58;44.6;0.252083;264.706;83.5
65.83208333;45.1;0.292667;238.017;83.3
66.12475;45.2;0.224667;205.011;83.8
66.34941667;45.3;0.2625;267.062;80.1
66.61191667;45.4;0.23475;228.571;77.5
66.84666667;45.5;0.216667;255.591;79
67.06333333;45.6;0.236667;276.923;80.4
67.3;46.1;0.296667;253.521;80.8
67.59666667;46.2;0.236667;202.247;78.1
67.83333333;46.3;0.24;253.521;74.1
68.07333333;46.4;0.25;250;75.3
68.32333333;46.5;0.206667;240;81.3
68.53;46.6;0.213333;290.323;77.4
68.74333333;47.1;0.246667;281.25;85
68.99;47.2;0.228563;243.243;82.1
69.2185625;47.3;0.208104;262.51;78.3
69.42666667;47.4;0.19;288.317;75.6
69.61666667;47.5;0.246667;315.789;79.8
69.86333333;47.6;0.3;243.243;80.6
70.16333333;48.1;0.201687;200;81.4
70.36502083;48.2;0.244979;297.49;79.5
70.61;48.3;0.243333;244.919;74.4
70.85333333;48.4;0.206729;246.575;78.7
71.0600625;48.5;0.223583;290.235;83.8
71.28364583;48.6;0.263312;268.356;79.3
71.54695833;49.1;0.231438;227.866;83.1
71.77839583;49.2;0.232063;259.249;81.4
72.01045833;49.3;0.237937;258.551;81.8
72.24839583;49.4;0.201604;252.167;79.3
72.45;49.5;0.223958;297.613;81
72.67395833;49.6;0.221229;267.907;77.4
72.8951875;50.1;0.226854;271.212;81.5
73.12204167;50.2;0.246375;264.487;83.3
73.36841667;50.3;0.211583;243.531;81.5
73.58;50.4;0.206667;283.576;78.6
73.78666667;50.5;0.22;290.323;83.1
74.00666667;50.6;0.256667;272.727;80.6
74.26333333;51.1;0.250708;233.766;80.2
74.51404167;51.2;0.209646;239.322;77.9
74.7236875;51.3;0.196313;286.197;79.3
74.92;51.4;0.193333;305.635;79.2
75.11333333;51.5;0.223333;310.345;82.6
75.33666667;51.6;0.283333;268.657;80.7
75.62;52.1;0.246667;211.765;83.3
75.86666667;52.2;0.19;243.243;81.4
76.05666667;52.3;0.19;315.789;78.7
76.24666667;52.4;0.196667;315.789;80.6
76.44333333;52.5;0.206667;305.085;86.2
76.65;52.6;0.257417;290.323;80.4
76.90741667;53.1;0.255917;233.085;83.3
77.16333333;53.2;0.253333;234.451;83.4
77.41666667;53.3;0.18;236.842;81.7
77.59666667;53.4;0.183333;333.333;80.3
77.78;53.5;0.21;327.273;84.4
77.99;53.6;0.239333;285.714;81.5
78.22933333;54.1;0.260979;250.696;83
78.4903125;54.2;0.203021;229.903;83.6
78.69333333;54.3;0.226667;295.536;84.2
78.92;54.4;0.21;264.706;79
79.13;54.5;0.223333;285.714;84.6
79.35333333;54.6;0.236667;268.657;83.2
79.59;55.1;0.218771;253.521;83.1
79.80877083;55.2;0.220188;274.26;83
80.02895833;55.3;0.214729;272.495;82.7
80.2436875;55.4;0.209438;279.422;80.3
80.453125;55.5;0.208062;286.482;83.5
80.6611875;55.6;0.230979;288.375;81.7
80.89216667;56.1;0.223312;259.764;85.1
81.11547917;56.2;0.218125;268.682;82.7
81.33360417;56.3;0.193042;275.072;83.9
81.52664583;56.4;0.22175;310.814;82.4
81.74839583;56.5;0.171604;270.575;85.9
81.92;56.6;0.203333;349.642;84
82.12333333;57.1;0.233333;295.082;85.2
82.35666667;57.2;0.246667;257.143;84.3
82.60333333;57.3;0.223333;243.243;83.9
82.82666667;57.4;0.216667;268.657;84.3
83.04333333;57.5;0.22;276.923;86.5
83.26333333;57.6;0.253563;272.727;83.9
83.51689583;58.1;0.389771;236.628;83.3
83.90666667;58.2;0.243333;153.937;83
84.15;58.3;0.213333;246.575;84.4
84.36333333;58.4;0.243333;281.25;81.9
84.60666667;58.5;0.216667;246.575;86.4
84.82333333;58.6;0.252396;276.923;81.6
85.07572917;59.1;0.284271;237.722;84.2
85.36;59.2;0.29;211.066;77.3
85.65;59.3;0.256667;206.897;76.4
85.90666667;59.4;0.27;233.766;72
86.17666667;59.5;0.331104;222.222;73.5
86.50777083;59.6;0.288896;181.212;65.2
86.79666667;60.1;0.246667;207.687;72.2
87.04333333;60.2;0.223333;243.243;70.1
87.26666667;60.3;0.296667;268.657;66.7
87.56333333;60.4;0.23;202.247;71.2
87.79333333;60.5;0.206667;260.87;68.1
88;60.6;0.266667;290.323;65.8
88.26666667;61.1;0.213333;225;72.8
88.48;61.2;0.196667;281.25;73.6
88.67666667;61.3;0.246667;305.085;68.9
88.92333333;61.4;0.236667;243.243;66.1
89.16;61.5;0.236667;253.521;69.6
89.39666667;61.6;0.243333;253.521;69.1
89.64;62.1;0.256667;246.575;73.9
89.89666667;62.2;0.256667;233.766;75.5
90.15333333;62.3;0.22;233.766;72.9
90.37333333;62.4;0.206667;272.727;72.7
90.58;62.5;0.203333;290.323;70.7
90.78333333;62.6;0.236667;295.082;70.8
91.02;63.1;0.241417;253.521;74.6
91.26141667;63.2;0.198583;248.533;76.1
91.46;63.3;0.22;302.14;75.5
91.68;63.4;0.213333;272.727;70.4
91.89333333;63.5;0.22;281.25;74.4
92.11333333;63.6;0.264208;272.727;72.6
92.37754167;64.1;0.220646;227.094;73.9
92.5981875;64.2;0.211542;271.929;74.7
92.80972917;64.3;0.223958;283.632;76.9
93.0336875;64.4;0.226313;267.907;79.5
93.26;64.5;0.233333;265.12;78.8
93.49333333;64.6;0.23;257.143;82.6
93.72333333;65.1;0.223333;260.87;81.6
93.94666667;65.2;0.243333;268.657;81.6
94.19;65.3;0.253333;246.575;83.2
94.44333333;65.4;0.213333;236.842;84.4
94.65666667;65.5;0.233333;281.25;84.5
94.89;65.6;0.27;257.143;79.9
95.16;66.1;0.23;222.222;84.5
95.39;66.2;0.223333;260.87;83.1
95.61333333;66.3;0.206667;268.657;83.7
95.82;66.4;0.223333;290.323;86.4
96.04333333;66.5;0.213333;268.657;85.6
96.25666667;66.6;0.23;281.25;82.1
96.48666667;67.1;0.22;260.87;80.4
96.70666667;67.2;0.273333;272.727;82.3
96.98;67.3;0.25;219.512;79.7
97.23;67.4;0.223333;240;76.4
97.45333333;67.5;0.206667;268.657;76.5
97.66;67.6;0.223333;290.323;77.3
97.88333333;68.1;0.246667;268.657;77.2
98.13;68.2;0.29;243.243;82.5
98.42;68.3;0.28;206.897;79.7
98.7;68.4;0.276667;214.286;81.2
98.97666667;68.5;0.306667;216.867;78.3
99.28333333;68.6;0.31;195.652;78.7
99.59333333;69.1;0.236667;193.548;79.4
99.83;69.2;0.265042;253.521;78.9
100.0950417;69.3;0.218771;226.38;72.7
100.3138125;69.4;0.236375;274.26;72.3
100.5501875;69.5;0.260437;253.834;75.6
100.810625;69.6;0.282708;230.382;79.5
101.0933333;70.1;0.193333;212.233;77.9
101.2866667;70.2;0.320354;310.345;83.1
101.6070208;70.3;0.292979;187.293;77.7
101.9;70.4;0.33;204.793;80.9
102.23;70.5;0.266667;181.818;75.6
102.4966667;70.6;0.243333;225;72.4
102.74;71.1;0.276667;246.575;72.4
103.0166667;71.2;0.216667;216.867;71.7
103.2333333;71.3;0.266542;276.923;72.7
103.499875;71.4;0.220125;225.106;71.8
103.72;71.5;0.23;272.572;72.4
103.95;71.6;0.32;260.87;75.7
104.27;72.1;0.283333;187.5;74.2
104.5533333;72.2;0.256667;211.765;71.3
104.81;72.3;0.278646;233.766;68.8
105.0886458;72.4;0.251354;215.327;68.4
105.34;72.5;0.293333;238.707;69.1
105.6333333;72.6;0.337667;204.545;71.1
105.971;73.1;0.312333;177.69;69.6
106.2833333;73.2;0.326667;192.102;70.2
106.61;73.3;0.31;183.673;60.8
106.92;73.4;0.326667;193.548;54.3
107.2466667;73.5;0.295938;183.673;72.8
107.5426042;73.6;0.279271;202.746;66.8
107.821875;74.1;0.248063;214.845;65.1
108.0699375;74.2;0.310833;241.875;66
108.3807708;74.3;0.271625;193.029;70.8
108.6523958;74.4;0.261854;220.893;62
108.91425;74.5;0.297938;229.135;59.7
109.2121875;74.6;0.354479;201.385;54.1
109.5666667;75.1;0.262833;169.262;73.7
109.8295;75.2;0.255062;228.282;63
110.0845625;75.3;0.314979;235.236;55.6
110.3995417;75.4;0.367125;190.489;59.5
110.7666667;75.5;0.321646;163.432;70.1
111.0883125;75.6;0.425021;186.541;61.2
111.5133333;76.1;0.47;141.17;61.8
111.9833333;76.2;0.477313;127.66;59.9
112.4606458;76.3;0.578292;125.704;54.2
113.0389375;76.4;0.566625;103.754;47.3
113.6055625;76.5;0.424437;105.89;62
114.03;76.6;0.369167;141.364;66.4
114.3991667;77.1;0.400229;162.528;67.1
114.7993958;77.2;0.371708;149.914;57.3
115.1711042;77.3;0.398896;161.417;48.8
115.57;77.4;0.523333;150.415;45.3
116.0933333;77.5;0.37;114.65;63.5
116.4633333;77.6;0.38;162.162;66.3
116.8433333;78.1;0.426354;157.895;66.7
117.2696875;78.2;0.450312;140.728;58
117.72;78.3;0.55;133.241;46.6
118.27;78.4;0.783333;109.091;44
119.0533333;78.5;0.656667;76.5957;60.2
119.71;78.6;0.576667;91.3706;66
120.2866667;79.1;0.44;104.046;66.3
120.7266667;79.2;0.39;136.364;67.9
121.1166667;79.3;0.352167;153.846;68
121.4688333;79.4;0.3145;170.374;67.8
121.7833333;79.5;0.346625;190.779;69.1
122.1299583;79.6;0.356708;173.098;70.4
122.4866667;80.1;0.326667;168.205;71.9
122.8133333;80.2;0.326479;183.673;71.2
123.1398125;80.3;0.306854;183.779;71.4
123.4466667;80.4;0.376667;195.533;70.8
123.8233333;80.5;0.636667;159.292;72.7
124.46;80.6;0.443333;94.2408;70.3
124.9033333;81.1;0.413333;135.338;72.8
125.3166667;81.2;0.296667;145.161;72.4
125.6133333;81.3;0.283333;202.247;73.3
125.8966667;81.4;0.306667;211.765;77.1
126.2033333;81.5;0.373417;195.652;71.8
126.57675;81.6;0.359917;160.678;71.6
126.9366667;82.1;0.333333;166.705;70.7
127.27;82.2;0.356667;180;75.6
127.6266667;82.3;0.296667;168.224;74.1
127.9233333;82.4;0.516667;202.247;74.4
128.44;82.5;0.4;116.129;70.9
128.84;82.6;0.366667;150;71.6
129.2066667;83.1;0.34;163.636;76.1
129.5466667;83.2;0.32;176.471;75.7
129.8666667;83.3;0.313333;187.5;77.4
130.18;83.4;0.373333;191.489;76.9
130.5533333;83.5;0.266667;160.714;78.3
130.82;83.6;0.306667;225;80
131.1266667;84.1;0.317187;195.652;79.6
131.4438542;84.2;0.356146;189.163;80.3
131.8;84.3;0.336667;168.47;81.1
132.1366667;84.4;0.326667;178.218;79.2
132.4633333;84.5;0.33;183.673;78.8
132.7933333;84.6;0.376667;181.818;78.3
133.17;85.1;0.37;159.292;81.3
133.54;85.2;0.39;162.162;78.6
133.93;85.3;0.333333;153.846;78.8
134.2633333;85.4;0.354271;180;75.1
134.6176042;85.5;0.315729;169.362;77.4
134.9333333;85.6;0.397729;190.036;79.4
135.3310625;86.1;0.295604;150.856;76.2
135.6266667;86.2;0.366667;202.974;75.6
135.9933333;86.3;0.393333;163.636;72.2
136.3866667;86.4;0.383333;152.542;71.4
136.77;86.5;0.365312;156.522;71.6
137.1353125;86.6;0.501354;164.243;69.2
137.6366667;87.1;0.318563;119.676;73.4
137.9552292;87.2;0.280875;188.346;75.1
138.2361042;87.3;0.280562;213.618;74.6
138.5166667;87.4;0.367292;213.856;75.8
138.8839583;87.5;0.462708;163.358;74.9
139.3466667;87.6;0.556667;129.671;73.5
139.9033333;88.1;0.413667;107.784;71.3
140.317;88.2;0.403375;145.044;66.3
140.720375;88.3;0.384396;148.745;60.6
141.1047708;88.4;0.758563;156.089;51.5
141.8633333;88.5;0.553333;79.097;61
142.4166667;88.6;0.496667;108.434;70.8
142.9133333;89.1;0.733333;120.805;61.7
143.6466667;89.2;0.516667;81.8182;59.4
144.1633333;89.3;0.61;116.129;56.2
144.7733333;89.4;0.86;98.3607;49.1
145.6333333;89.5;0.5;69.7674;58.6
146.1333333;89.6;0.64;120;64.4
146.7733333;79.1;0.543333;93.75;66.5
147.3166667;79.2;0.376667;110.429;68.7
147.6933333;79.3;0.323333;159.292;68.5
148.0166667;79.4;0.32;185.567;69.6
148.3366667;79.5;0.353333;187.5;68.4
148.69;79.6;0.396604;169.811;72.7
149.0866042;80.1;0.413396;151.284;72.1
149.5;80.2;0.31;145.139;71.6
149.81;80.3;0.366667;193.548;70.9
150.1766667;80.4;0.5;163.636;73
150.6766667;80.5;0.52;120;69.5
151.1966667;80.6;0.476667;115.385;69.2
151.6733333;81.1;0.38;125.874;71.3
152.0533333;81.2;0.346667;157.895;70.2
152.4;81.3;0.326667;173.077;71.3
152.7266667;81.4;0.313333;183.673;73.1
153.04;81.5;0.42;191.489;71.2
153.46;81.6;0.36;142.857;74.3
153.82;82.1;0.303333;166.667;71.4
154.1233333;82.2;0.456667;197.802;77.8
154.58;82.3;0.373333;131.387;76.6
154.9533333;82.4;0.403333;160.714;78.9
155.3566667;82.5;0.446667;148.76;72
155.8033333;82.6;0.43;134.328;70.7
156.2333333;83.1;0.346667;139.535;77.4
156.58;83.2;0.32;173.077;77.2
156.9;83.3;0.343333;187.5;77.2
157.2433333;83.4;0.306667;174.757;76.5
157.55;83.5;0.33;195.652;80.5
157.88;83.6;0.31;181.818;80.4
158.19;84.1;0.342313;193.548;79.3
158.5323125;84.2;0.317688;175.278;80.6
158.85;84.3;0.32;188.865;80.3
159.17;84.4;0.336667;187.5;80.2
159.5066667;84.5;0.386667;178.218;78.5
159.8933333;84.6;0.416667;155.172;77.2
160.31;85.1;0.523333;144;79.9
160.8333333;85.2;0.370708;114.65;79.2
161.2040417;85.3;0.342625;161.852;78.3
161.5466667;85.4;0.31;175.119;77.8
161.8566667;85.5;0.326667;193.548;80.3
162.1833333;85.6;0.373333;183.673;82.6
162.5566667;86.1;0.316667;160.714;76.9
162.8733333;86.2;0.423333;189.474;76.1
163.2966667;86.3;0.325167;141.732;71
163.6218333;86.4;0.344833;184.521;73.2
163.9666667;86.5;0.385521;173.997;75
164.3521875;86.6;0.387812;155.634;70.6
164.74;87.1;0.416667;154.714;71.7
165.1566667;87.2;0.31;144;77.1
165.4666667;87.3;0.326667;193.548;75.9
165.7933333;87.4;0.353333;183.673;77.2
166.1466667;87.5;0.443333;169.811;74.7
166.59;87.6;0.543333;135.338;71.7
167.1333333;88.1;0.476667;110.429;70.9
167.61;88.2;0.42;125.874;65.7
168.03;88.3;0.503333;142.857;57.2
168.5333333;88.4;0.643333;119.205;49
169.1766667;88.5;0.571979;93.2643;59.2
169.7486458;88.6;0.524188;104.899;70
170.2728333;89.1;0.537167;114.463;58.9
170.81;89.2;0.513333;111.697;61.3
171.3233333;89.3;0.596667;116.883;55.1
171.92;89.4;0.923333;100.559;43.8
172.8433333;89.5;0.75;64.9819;56.4
173.5933333;89.6;0.57;80;63.2
174.1633333;90.1;0.476667;105.263;61.3
174.64;90.2;0.396667;125.874;65.5
175.0366667;90.3;0.413333;151.26;65.6
175.45;90.4;0.35;145.161;65
175.8;90.5;0.34;171.429;66.9
176.14;90.6;0.363333;176.471;73.1
176.5033333;91.1;0.34;165.138;72.1
176.8433333;91.2;0.36;176.471;71.1
177.2033333;91.3;0.433333;166.667;70.3
177.6366667;91.4;0.583333;138.462;71
178.22;91.5;0.58;102.857;67.3
178.8;91.6;0.468458;103.448;66.9
179.2684583;92.1;0.394875;128.08;70.8
179.6633333;92.2;0.37;151.947;71.8
180.0333333;92.3;0.34;162.162;71.4
180.3733333;92.4;0.353333;176.471;74.5
180.7266667;92.5;0.351187;169.811;73
181.0778542;92.6;0.388813;170.849;75
181.4666667;93.1;0.376667;154.316;72.5
181.8433333;93.2;0.37;159.292;77.1
182.2133333;93.3;0.373333;162.162;75.3
182.5866667;93.4;0.516667;160.714;73
183.1033333;93.5;0.606667;116.129;77
183.71;93.6;0.343333;98.9011;70.2
184.0533333;94.1;0.356667;174.757;76.8
184.41;94.2;0.35;168.224;77.6
184.76;94.3;0.443333;171.429;81.5
185.2033333;94.4;0.320313;135.338;81.7
185.5236458;94.5;0.293021;187.317;80.6
185.8166667;94.6;0.37;204.764;79.8
186.1866667;95.1;0.36;162.162;82.4
186.5466667;95.2;0.343333;166.667;78.7
186.89;95.3;0.341167;174.757;81.1
187.2311667;95.4;0.3455;175.867;81.4
187.5766667;95.5;0.376667;173.661;83.9
187.9533333;95.6;0.406667;159.292;80
188.36;96.1;0.413333;147.541;80.7
188.7733333;96.2;0.386667;145.161;77.1
189.16;96.3;0.326667;155.172;79.2
189.4866667;96.4;0.32;183.673;78.7
189.8066667;96.5;0.346667;187.5;78.6
190.1533333;96.6;0.323333;173.077;77.9
190.4766667;97.1;0.39;185.567;79.2
190.8666667;97.2;0.443333;153.846;77.5
191.31;97.3;0.383333;135.338;79.7
191.6933333;97.4;0.34;156.522;74
192.0333333;97.5;0.343333;176.471;73.7
192.3766667;97.6;0.363333;174.757;77.3
192.74;98.1;0.33;165.138;76.3
193.07;98.2;0.386667;181.818;77.2
193.4566667;98.3;0.303333;155.172;76.9
193.76;98.4;0.516667;197.802;77.1
194.2766667;98.5;0.403333;116.129;79.9
194.68;98.6;0.453333;148.76;77.6
195.1333333;99.1;0.542542;132.353;74.1
195.675875;99.2;0.4225;110.591;70.3
196.098375;99.3;0.391625;142.012;63.7
196.49;99.4;0.453333;153.208;54.8
196.9433333;99.5;0.413333;132.353;69.6
197.3566667;99.6;0.61;145.161;75.5
197.9666667;100.1;0.482437;98.3607;73.1
198.4491042;100.2;0.555542;124.368;71.2
199.0046458;100.3;0.423625;108.003;71.9
199.4282708;100.4;0.388396;141.635;72.3
199.8166667;100.5;0.367813;154.482;74.9
200.1844792;100.6;0.441542;163.127;75.7
200.6260208;101.1;0.540646;135.888;75.6
201.1666667;101.2;0.363333;110.978;77.8
201.53;101.3;0.32;165.138;75.7
201.85;101.4;0.37;187.5;79.5
202.22;101.5;0.37;162.162;78.6
202.59;101.6;0.34;162.162;78.1
202.93;102.1;0.283333;176.471;81.4
203.2133333;102.2;0.383458;211.765;80.6
203.5967917;102.3;0.393208;156.471;82.3
203.99;102.4;0.33;152.591;79
204.32;102.5;0.316667;181.818;80.3
204.6366667;102.6;0.426667;189.474;80.8
205.0633333;103.1;0.486667;140.625;78.5
205.55;103.2;0.39;123.288;77.9
205.94;103.3;0.406667;153.846;79.8
206.3466667;103.4;0.416667;147.541;80.6
206.7633333;103.5;0.45;144;78.2
207.2133333;103.6;0.456667;133.333;78.8
207.67;104.1;0.586667;131.387;72.3
208.2566667;104.2;0.463333;102.273;71.8
208.72;104.3;0.433333;129.496;72.8
209.1533333;104.4;0.363333;138.462;71
209.5166667;104.5;0.526667;165.138;72.1
210.0433333;104.6;0.41;113.924;77.1
210.4533333;105.1;0.46;146.341;77.2
210.9133333;105.2;0.34;130.435;78.7
211.2533333;105.3;0.36;176.471;77.2
211.6133333;105.4;0.333417;166.667;81.1
211.94675;105.5;0.329625;179.955;78.2
212.276375;105.6;0.333625;182.025;82.9
212.61;106.1;0.36;179.843;84.5
212.97;106.2;0.361875;166.667;85.5
213.331875;106.3;0.365667;165.803;83.2
213.6975417;106.4;0.352313;164.084;81.2
214.0498542;106.5;0.319958;170.303;81.7
214.3698125;106.6;0.429188;187.524;83.8
214.799;107.1;0.381;139.799;80.1
215.18;107.2;0.377354;157.48;80.4
215.5573542;107.3;0.425271;159.002;80.9
215.982625;107.4;0.415312;141.087;81.7
216.3979375;107.5;0.508729;144.47;78.7
216.9066667;107.6;0.716667;117.941;78.1
217.6233333;108.1;0.496667;83.7209;80.2
218.12;108.2;0.683333;120.805;76
218.8033333;108.3;0.71;87.8049;71.3
219.5133333;108.4;1.09406;84.507;68.5
220.6073958;108.5;1.0726;54.8415;55.9
221.68;108.6;0.586667;55.9386;66.3
222.2666667;90.1;0.54;102.273;64.8
222.8066667;90.2;0.369188;111.111;68.7
223.1758542;90.3;0.383563;162.519;67.5
223.5594167;90.4;0.378792;156.428;66.1
223.9382083;90.5;0.351792;158.398;67.1
224.29;90.6;0.35;170.555;74.2
224.64;91.1;0.365354;171.429;74
225.0053542;91.2;0.340229;164.224;73.7
225.3455833;91.3;0.534417;176.352;71.1
225.88;91.4;0.45;112.272;73.6
226.33;91.5;0.563333;133.333;67.3
226.8933333;91.6;0.513333;106.509;66.3
227.4066667;92.1;0.441875;116.883;72.1
227.8485417;92.2;0.394792;135.785;69.6
228.2433333;92.3;0.346667;151.979;71.6
228.59;92.4;0.356667;173.077;73.4
228.9466667;92.5;0.336667;168.224;71.9
229.2833333;92.6;0.411792;178.218;71.7
229.695125;93.1;0.359542;145.705;75.1
230.0546667;93.2;0.368667;166.879;76.5
230.4233333;93.3;0.38;162.749;75.5
230.8033333;93.4;0.46;157.895;73.9
231.2633333;93.5;0.563333;130.435;79.5
231.8266667;93.6;0.526667;106.509;74
232.3533333;94.1;0.363333;113.924;78
232.7166667;94.2;0.32;165.138;76.2
233.0366667;94.3;0.39;187.5;80
233.4266667;94.4;0.35;153.846;79.2
233.7766667;94.5;0.303333;171.429;78.8
234.08;94.6;0.353333;197.802;78.8
234.4333333;95.1;0.383333;169.811;83.3
234.8166667;95.2;0.339917;156.522;81.7
235.1565833;95.3;0.375437;176.514;79.4
235.5320208;95.4;0.341312;159.814;80.5
235.8733333;95.5;0.336667;175.792;84.1
236.21;95.6;0.48;178.218;81.9
236.69;96.1;0.376667;125;81.4
237.0666667;96.2;0.373333;159.292;76.8
237.44;96.3;0.34;160.714;76.8
237.78;96.4;0.403333;176.471;74.5
238.1833333;96.5;0.296667;148.76;78.7
238.48;96.6;0.35;202.247;77.8
238.83;97.1;0.413333;171.429;77.9
239.2433333;97.2;0.36;145.161;77
239.6033333;97.3;0.391229;166.667;78.7
239.9945625;97.4;0.342146;153.363;74.3
240.3367083;97.5;0.407208;175.364;74.2
240.7439167;97.6;0.46275;147.345;75.3
241.2066667;98.1;0.363333;129.66;74.8
241.57;98.2;0.307458;165.138;76.2
241.8774583;98.3;0.402542;195.148;74.2
242.28;98.4;0.456667;149.053;77.9
242.7366667;98.5;0.456667;131.387;76.8
243.1933333;98.6;0.48;131.387;74.3
243.6733333;99.1;0.666667;125;73.6
244.34;99.2;0.406667;90;67.5
244.7466667;99.3;0.38;147.541;59.4
245.1266667;99.4;0.43;157.895;52.3
245.5566667;99.5;0.433333;139.535;65.6
245.99;99.6;0.496667;138.462;72.5
246.4866667;100.1;0.64;120.805;74
247.1266667;100.2;0.533333;93.75;71.8
247.66;100.3;0.434875;112.5;71.1
248.094875;100.4;0.475125;137.971;68
248.57;100.5;0.453333;126.283;74.5
249.0233333;100.6;0.423333;132.353;73.9
249.4466667;101.1;0.47;141.732;75.1
249.9166667;101.2;0.42;127.66;77.1
250.3366667;101.3;0.366667;142.857;76
250.7033333;101.4;0.316667;163.636;80.9
251.02;101.5;0.335125;189.474;79.3
251.355125;101.6;0.364875;179.038;80.6
251.72;102.1;0.353333;164.44;80.9
252.0733333;102.2;0.356667;169.811;80.5
252.43;102.3;0.302958;168.224;82.6
252.7329583;102.4;0.330375;198.047;80.4
253.0633333;102.5;0.376667;181.612;81.4
253.44;102.6;0.35;159.292;80.7
253.79;103.1;0.46;171.429;78.3
254.25;103.2;0.436667;130.435;78.7
254.6866667;103.3;0.35;137.405;82.5
255.0366667;103.4;0.42;171.429;82.4
255.4566667;103.5;0.373833;142.857;78.9
255.8305;103.6;0.520938;160.499;80.1
256.3514375;104.1;0.527667;115.177;75.1
256.8791042;104.2;0.644125;113.708;70.7
257.5232292;104.3;0.444917;93.1496;75.5
257.9681458;104.4;0.438521;134.857;72.9
258.4066667;104.5;0.346667;136.824;72.1
258.7533333;104.6;0.39;173.077;78.9
259.1433333;105.1;0.413333;153.846;80.2
259.5566667;105.2;0.32;145.161;80.3
259.8766667;105.3;0.31;187.5;78.7
260.1866667;105.4;0.335187;193.548;83.9
260.5218542;105.5;0.328646;179.004;78.8
260.8505;105.6;0.332833;182.567;80.3
261.1833333;106.1;0.364812;180.27;83.3
261.5481458;106.2;0.365187;164.468;85.2
261.9133333;106.3;0.362146;164.299;84
262.2754792;106.4;0.364521;165.679;81.8
262.64;106.5;0.35;164.6;80.1
262.99;106.6;0.446667;171.429;82.8
263.4366667;107.1;0.453333;134.328;77.7
263.89;107.2;0.426667;132.353;77.7
264.3166667;107.3;0.344896;140.625;80.2
264.6615625;107.4;0.441521;173.966;80
265.1030833;107.5;0.527479;135.894;79.7
265.6305625;107.6;0.476104;113.749;79.2
266.1066667;108.1;0.663333;126.023;78.5
266.77;108.2;0.453333;90.4523;77.6
267.2233333;108.3;0.553333;132.353;78.4
267.7766667;108.4;0.563333;108.434;82
268.34;108.5;0.553333;106.509;79.4
268.8933333;108.6;0.553333;108.434;80.1
269.4466667;109.1;0.61;108.434;80
270.0566667;109.2;0.463333;98.3607;76.8
270.52;109.3;0.506667;129.496;77.6
271.0266667;109.4;0.6;118.421;80
271.6266667;109.5;0.63;100;80.2
272.2566667;109.6;0.573333;95.2381;80.4
272.83;110.1;0.663333;104.651;81.8
273.4933333;110.2;0.549354;90.4523;77.4
274.0426875;110.3;0.467313;109.219;78.9
274.51;110.4;0.811417;128.394;77
275.3214167;110.5;0.77525;73.9447;75.6
276.0966667;110.6;0.86;77.3944;75
276.9566667;111.1;0.79;69.7674;76.6
277.7466667;111.2;0.818771;75.9494;75.5
278.5654375;111.3;0.741229;73.2806;73.5
279.3066667;111.4;0.55;80.9466;73.2
279.8566667;111.5;0.516667;109.091;75.3
280.3733333;111.6;0.453333;116.129;77
280.8266667;112.1;0.593333;132.353;77.7
281.42;112.2;0.83;101.124;78.3
282.25;112.3;0.89;72.2892;77.8
283.14;112.4;0.51;67.4157;76.3
283.65;112.5;0.583333;117.647;75.8
284.2333333;112.6;0.383333;102.857;78.3
284.6166667;113.1;0.593333;156.522;81.3
285.21;113.2;1.00667;101.124;80.3
286.2166667;113.3;0.845563;59.6026;77.7
287.0622292;113.4;0.417771;70.9587;78
287.48;113.5;0.42;143.619;79.9
287.9;113.6;0.452917;142.857;79.6
288.3529167;114.1;0.447083;132.475;80
288.8;114.2;0.593333;134.203;80
289.3933333;114.3;0.526708;101.124;78.5
289.9200417;114.4;0.499958;113.915;72.1
290.42;114.5;0.44;120.01;68.3
290.86;114.6;0.54;136.364;58.7
291.4;115.1;0.593;111.111;70.1
291.993;115.2;0.683667;101.18;61.8
292.6766667;115.3;0.606667;87.7621;56.2
293.2833333;115.4;0.793333;98.9011;47.2
294.0766667;0.5;0.496667;75.6302;59.7
294.5733333;0.6;0.393333;120.805;59.4
294.9666667;1.1;0.273333;152.542;64.4
295.24;1.2;0.313333;219.512;58.7
295.5533333;1.3;0.274437;191.489;67.8
295.8277708;1.4;0.232229;218.629;57
296.06;1.5;0.323167;258.365;66.9
296.3831667;1.6;0.250167;185.663;62.2
296.6333333;2.1;0.26;239.84;73.8
296.8933333;2.2;0.246667;230.769;71
297.14;2.3;0.28;243.243;64.4
297.42;2.4;0.226667;214.286;62.3
297.6466667;2.5;0.216667;264.706;67.7
297.8633333;2.6;0.233333;276.923;63.7
298.0966667;3.1;0.241333;257.143;73.9
298.338;3.2;0.218667;248.619;69.6
298.5566667;3.3;0.247104;274.39;67.1
298.8037708;3.4;0.229563;242.813;58.6
299.0333333;3.5;0.27;261.367;69
299.3033333;3.6;0.22;222.222;60.2
299.5233333;4.1;0.24;272.727;72.8
299.7633333;4.2;0.266667;250;71.1
300.03;4.3;0.283333;225;64.7
300.3133333;4.4;0.21;211.765;65.5
300.5233333;4.5;0.233333;285.714;68.2
300.7566667;4.6;0.213333;257.143;61.9
300.97;5.1;0.216667;281.25;71
301.1866667;5.2;0.23;276.923;69.7
301.4166667;5.3;0.213333;260.87;70.8
301.63;5.4;0.233333;281.25;60.3
301.8633333;5.5;0.272229;257.143;70.5
302.1355625;5.6;0.211104;220.403;59.1
302.3466667;6.1;0.243333;284.22;66.3
302.59;6.2;0.248521;246.575;72.9
302.8385208;6.3;0.229708;241.428;71.6
303.0682292;6.4;0.212104;261.201;69.8
303.2803333;6.5;0.228625;282.88;71.5
303.5089583;6.6;0.227375;262.438;69.5
303.7363333;7.1;0.203708;263.881;77.5
303.9400417;7.2;0.256625;294.539;80.1
304.1966667;7.3;0.216667;233.804;80
304.4133333;7.4;0.226667;276.923;73.9
304.64;7.5;0.21;264.706;74.9
304.85;7.6;0.216667;285.714;66.6
305.0666667;8.1;0.216667;276.923;75.8
305.2833333;8.2;0.266667;276.923;74.7
305.55;8.3;0.23;225;74.3
305.78;8.4;0.231958;260.87;68.4
306.0119583;8.5;0.234708;258.667;74.8
306.2466667;8.6;0.206667;255.636;70.6
306.4533333;9.1;0.223333;290.323;73.2
306.6766667;9.2;0.246667;268.657;68.4
306.9233333;9.3;0.222729;243.243;68.5
307.1460625;9.4;0.201917;269.385;64.6
307.3479792;9.5;0.298687;297.152;77.8
307.6466667;9.6;0.266667;200.879;69.6
307.9133333;10.1;0.263333;225;76.6
308.1766667;10.2;0.236667;227.848;77.8
308.4133333;10.3;0.265208;253.521;77
308.6785417;10.4;0.214792;226.237;71.5
308.8933333;10.5;0.326667;279.34;69.9
309.22;10.6;0.293333;183.673;71.5
309.5133333;11.1;0.2;204.545;73.2
309.7133333;11.2;0.213333;300;68.1
309.9266667;11.3;0.246667;281.25;72.9
310.1733333;11.4;0.223333;243.243;65.3
310.3966667;11.5;0.249729;268.657;79.6
310.6463958;11.6;0.269792;240.26;71.5
310.9161875;12.1;0.254125;222.394;75.8
311.1703125;12.2;0.269688;236.104;76.9
311.44;12.3;0.252021;222.48;74.4
311.6920208;12.4;0.227979;238.076;67.6
311.92;12.5;0.366667;263.182;74.8
312.2866667;12.6;0.246667;163.636;76.4
312.5333333;13.1;0.254333;243.243;76.8
312.7876667;13.2;0.271458;235.911;75.7
313.059125;13.3;0.272125;221.028;74.6
313.33125;13.4;0.255417;220.487;68
313.5866667;13.5;0.343333;234.91;76.8
313.93;13.6;0.286667;174.757;68.9
314.2166667;14.1;0.29;209.302;69
314.5066667;14.2;0.275562;206.897;66.9
314.7822292;14.3;0.281563;217.736;62.3
315.0637917;14.4;0.382875;213.097;57.9
315.4466667;14.5;0.323333;156.709;65.8
315.77;14.6;0.226667;185.567;67.9
315.9966667;15.1;0.252833;264.706;69.7
316.2495;15.2;0.2405;237.31;67.1
316.49;15.3;0.236667;249.48;69.9
316.7266667;15.4;0.273333;253.521;61
317;15.5;0.263333;219.512;73.8
317.2633333;15.6;0.246667;227.848;65.9
317.51;16.1;0.25;243.243;78
317.76;16.2;0.27;240;80.6
318.03;16.3;0.33;222.222;75.3
318.36;16.4;0.243333;181.818;70.7
318.6033333;16.5;0.206667;246.575;69.8
318.81;16.6;0.291625;290.323;77.6
319.101625;17.1;0.211313;205.744;71.6
319.3129375;17.2;0.140396;283.94;67.7
319.4533333;17.3;0.233333;427.363;71.6
319.6866667;17.4;0.259083;257.143;65
319.94575;17.5;0.227;231.586;70.2
320.17275;17.6;0.263917;264.317;63.9
320.4366667;18.1;0.276667;227.344;81.7
320.7133333;18.2;0.22425;216.867;77.4
320.9375833;18.3;0.209375;267.559;73.1
321.1469583;18.4;0.213042;286.567;70.7
321.36;18.5;0.216667;281.635;74.7
321.5766667;18.6;0.264271;276.923;83.1
321.8409375;19.1;0.246688;227.04;75.8
322.087625;19.2;0.231167;243.223;75.1
322.3187917;19.3;0.25025;259.553;75.8
322.5690417;19.4;0.231042;239.76;70.6
322.8000833;19.5;0.21525;259.693;74.8
323.0153333;19.6;0.248;278.746;67
323.2633333;20.1;0.266667;241.935;76.4
323.53;20.2;0.232688;225;74.5
323.7626875;20.3;0.227292;257.857;69.8
323.9899792;20.4;0.222521;263.978;80.3
324.2125;20.5;0.2175;269.638;76
324.43;20.6;0.248396;275.862;76.3
324.6783958;21.1;0.264937;241.55;78.3
324.9433333;21.2;0.236667;226.469;78.1
325.18;21.3;0.223333;253.521;78.9
325.4033333;21.4;0.236667;268.657;75.6
325.64;21.5;0.233333;253.521;78.1
325.8733333;21.6;0.233333;257.143;76.7
326.1066667;22.1;0.21;257.143;82.1
326.3166667;22.2;0.247292;285.714;77.6
326.5639583;22.3;0.249375;242.628;77.6
326.8133333;22.4;0.226667;240.602;75.8
327.04;22.5;0.21;264.706;82.2
327.25;22.6;0.256667;285.714;75.5
327.5066667;23.1;0.23;233.766;83.3
327.7366667;23.2;0.22;260.87;78.9
327.9566667;23.3;0.263333;272.727;78.8
328.22;23.4;0.22;227.848;73.8
328.44;23.5;0.249271;272.727;78.5
328.6892708;23.6;0.270729;240.702;77.8
328.96;24.1;0.33;221.624;74.6
329.29;24.2;0.316667;181.818;72.3
329.6066667;24.3;0.210562;189.474;71.7
329.8172292;24.4;0.289438;284.951;68.9
330.1066667;24.5;0.243333;207.299;76
330.35;24.6;0.23375;246.575;74.6
330.58375;25.1;0.232917;256.684;81.8
330.8166667;25.2;0.233333;257.603;79.3
331.05;25.3;0.230792;257.143;79.6
331.2807917;25.4;0.199604;259.975;73.5
331.4803958;25.5;0.272938;300.595;79.7
331.7533333;25.6;0.27;219.831;77.5
332.0233333;26.1;0.263333;222.222;73.7
332.2866667;26.2;0.226667;227.848;73.7
332.5133333;26.3;0.27;264.706;74.9
332.7833333;26.4;0.27;222.222;70.1
333.0533333;26.5;0.256667;222.222;75.3
333.31;26.6;0.276667;233.766;77.5
333.5866667;27.1;0.256667;216.867;70.9
333.8433333;27.2;0.263333;233.766;68.2
334.1066667;27.3;0.293833;227.848;68.6
334.4005;27.4;0.272833;204.197;64.1
334.6733333;27.5;0.286667;219.914;70.9
334.96;27.6;0.363333;209.302;71.2
335.3233333;28.1;0.233333;165.138;65.3
335.5566667;28.2;0.293333;257.143;61.5
335.85;28.3;0.35;204.545;64.6
336.2;28.4;0.440833;171.429;61.2
336.6408333;28.5;0.265833;136.106;64.2
336.9066667;28.6;0.283333;225.705;66.9
337.19;29.1;0.213333;211.765;71.3
337.4033333;29.2;0.28;281.25;71.3
337.6833333;29.3;0.293333;214.286;71.8
337.9766667;29.4;0.246667;204.545;60
338.2233333;29.5;0.267854;243.243;71.1
338.4911875;29.6;0.318812;224.002;63
338.81;30.1;0.246667;188.198;74.3
339.0566667;30.2;0.23;243.243;75
339.2866667;30.3;0.286667;260.87;69.3
339.5733333;30.4;0.23;209.302;71.8
339.8033333;30.5;0.213333;260.87;69.5
340.0166667;30.6;0.223333;281.25;71.1
340.24;31.1;0.243333;268.657;77.9
340.4833333;31.2;0.262854;246.575;77.8
340.7461875;31.3;0.267146;228.263;74.2
341.0133333;31.4;0.253333;224.596;62
341.2666667;31.5;0.273333;236.842;71.2
341.54;31.6;0.263333;219.512;63.8
341.8033333;32.1;0.25;227.848;71.6
342.0533333;32.2;0.228125;240;76
342.2814583;32.3;0.256521;263.014;76.5
342.5379792;32.4;0.282021;233.899;77.9
342.82;32.5;0.246667;212.75;76.7
343.0666667;32.6;0.166667;243.243;72.1
343.2333333;33.1;0.246667;360;73.4
343.48;33.2;0.246667;243.243;75.4
343.7266667;33.3;0.256104;243.243;73.1
343.9827708;33.4;0.223896;234.28;63.6
344.2066667;33.5;0.286625;267.982;71.7
344.4932917;33.6;0.233375;209.333;67
344.7266667;34.1;0.253333;257.097;74.7
344.98;34.2;0.223333;236.842;81.5
345.2033333;34.3;0.223333;268.657;81.8
345.4266667;34.4;0.213333;268.657;81.1
345.64;34.5;0.24;281.25;81.8
345.88;34.6;0.22;250;79.9
346.1;35.1;0.263125;272.727;80.6
346.363125;35.2;0.253542;228.029;79.8
346.6166667;35.3;0.256667;236.647;76.9
346.8733333;35.4;0.22;233.766;71.1
347.0933333;35.5;0.28;272.727;68.2
347.3733333;35.6;0.285333;214.286;66.4
347.6586667;36.1;0.278;210.28;76.8
347.9366667;36.2;0.23;215.827;79.7
348.1666667;36.3;0.213333;260.87;81.3
348.38;36.4;0.240417;281.25;79.7
348.6204167;36.5;0.229583;249.567;81.6
348.85;36.6;0.26;261.343;79.2
349.11;37.1;0.256667;230.769;80
349.3666667;37.2;0.283333;233.766;78.2
349.65;37.3;0.32;211.765;73.1
349.97;37.4;0.31;187.5;69.4
350.28;37.5;0.356667;193.548;65.1
350.6366667;37.6;0.566667;168.224;61.8
351.2033333;38.1;0.366667;105.882;76.7
351.57;38.2;0.333333;163.636;67
351.9033333;38.3;0.16;180;70
352.0633333;38.4;0.273333;375;81.2
352.3366667;38.5;0.244312;219.512;79.4
352.5809792;38.6;0.252354;245.587;81.2
352.8333333;39.1;0.23;237.761;82.6
353.0633333;39.2;0.313333;260.87;79
353.3766667;39.3;0.223333;191.489;75.4
353.6;39.4;0.256667;268.657;75.4
353.8566667;39.5;0.32;233.766;75.2
354.1766667;39.6;0.28;187.5;73.7
354.4566667;40.1;0.263333;214.286;74.4
354.72;40.2;0.320437;227.848;74.7
355.0404375;40.3;0.199563;187.244;76.3
355.24;40.4;0.253333;300.658;79.3
355.4933333;40.5;0.236667;236.842;80.5
355.73;40.6;0.25;253.521;80.2
355.98;41.1;0.244125;240;82.2
356.224125;41.2;0.228896;245.776;77
356.4530208;41.3;0.233646;262.128;77.3
356.6866667;41.4;0.281396;256.799;75.4
356.9680625;41.5;0.239771;213.223;78.1
357.2078333;41.6;0.338833;250.239;77.4
357.5466667;42.1;0.2305;177.078;82.3
357.7771667;42.2;0.256521;260.304;81.2
358.0336875;42.3;0.256312;233.899;80
358.29;42.4;0.27;234.089;85.5
358.56;42.5;0.266667;222.222;82
358.8266667;42.6;0.251708;225;80.9
359.078375;43.1;0.249458;238.371;84.9
359.3278333;43.2;0.208833;240.521;85
359.5366667;43.3;0.283146;287.31;85
359.8198125;43.4;0.252979;211.905;84.9
360.0727917;43.5;0.263875;237.174;82.3
360.3366667;43.6;0.268562;227.38;82.1
360.6052292;44.1;0.220396;223.412;81.7
360.825625;44.2;0.22325;272.237;85.3
361.048875;44.3;0.207792;268.757;82
361.2566667;44.4;0.263333;288.751;83.2
361.52;44.5;0.260604;227.848;85.7
361.7806042;44.6;0.315417;230.234;83.8
362.0960208;45.1;0.246458;190.225;82
362.3424792;45.2;0.244188;243.449;81.8
362.5866667;45.3;0.246667;245.713;78.1
362.8333333;45.4;0.257646;243.243;78.6
363.0909792;45.5;0.262354;232.878;77.2
363.3533333;45.6;0.32;228.698;80.4
363.6733333;46.1;0.276667;187.5;81.9
363.95;46.2;0.263333;216.867;74.6
364.2133333;46.3;0.203333;227.848;68.6
364.4166667;46.4;0.203333;295.082;72
364.62;46.5;0.24;295.082;78.3
364.86;46.6;0.246667;250;71.2
365.1066667;47.1;0.243417;243.243;80.6
365.3500833;47.2;0.225396;246.491;76.6
365.5754792;47.3;0.218792;266.198;72.6
365.7942708;47.4;0.236604;274.233;70.4
366.030875;47.5;0.232083;253.588;75
366.2629583;47.6;0.329042;258.528;72
366.592;48.1;0.221792;182.348;77.5
366.8137917;48.2;0.242188;270.524;73.4
367.0559792;48.3;0.215375;247.742;72.6
367.2713542;48.4;0.211979;278.584;74.8
367.4833333;48.5;0.230687;283.047;81
367.7140208;48.6;0.243729;260.092;76.7
367.95775;49.1;0.228188;246.175;81.8
368.1859375;49.2;0.270729;262.942;78.4
368.4566667;49.3;0.219563;221.624;75.6
368.6762292;49.4;0.217104;273.271;71.2
368.8933333;49.5;0.235188;276.365;77.5
369.1285208;49.6;0.284813;255.116;72.5
369.4133333;50.1;0.257771;210.665;80.9
369.6711042;50.2;0.235271;232.765;82.3
369.906375;50.3;0.233625;255.025;77.8
370.14;50.4;0.223333;256.822;77.2
370.3633333;50.5;0.24;268.657;81.8
370.6033333;50.6;0.24;250;76.9
370.8433333;51.1;0.23;250;79
371.0733333;51.2;0.22;260.87;78.8
371.2933333;51.3;0.206667;272.727;78.5
371.5;51.4;0.25;290.323;78.4
371.75;51.5;0.246667;240;82.7
371.9966667;51.6;0.213333;243.243;79.2
372.21;52.1;0.25;281.25;81.9
372.46;52.2;0.233333;240;81
372.6933333;52.3;0.226667;257.143;77.6
372.92;52.4;0.226667;264.706;79.4
373.1466667;52.5;0.22;264.706;86.4
373.3666667;52.6;0.23;272.727;82
373.5966667;53.1;0.223333;260.87;82.1
373.82;53.2;0.23;268.657;81.5
374.05;53.3;0.203333;260.87;82.5
374.2533333;53.4;0.22;295.082;81.9
374.4733333;53.5;0.25;272.727;83.8
374.7233333;53.6;0.239958;240;82.7
374.9632917;54.1;0.229396;250.043;83.1
375.1926875;54.2;0.263979;261.557;83.7
375.4566667;54.3;0.233333;227.291;83.9
375.69;54.4;0.226667;257.143;77.8
375.9166667;54.5;0.203333;264.706;84.5
376.12;54.6;0.23;295.082;82.2
376.35;55.1;0.254521;260.87;84.2
376.6045208;55.2;0.202146;235.737;83.5
376.8066667;55.3;0.22;296.815;84.6
377.0266667;55.4;0.196667;272.727;80.1
377.2233333;55.5;0.233646;305.085;85.1
377.4569792;55.6;0.216354;256.799;82.4
377.6733333;56.1;0.286667;277.323;84.5
377.96;56.2;0.206667;209.302;84.3
378.1666667;56.3;0.196667;290.323;83.8
378.3633333;56.4;0.206667;305.085;83.1
378.57;56.5;0.249854;290.323;85.8
378.8198542;56.6;0.206813;240.14;82.9
379.0266667;57.1;0.251292;290.118;84.7
379.2779583;57.2;0.262042;238.766;84.2
379.54;57.3;0.196667;228.971;82.4
379.7366667;57.4;0.2;305.085;81.1
379.9366667;57.5;0.276667;300;85.7
380.2133333;57.6;0.256667;216.867;84
380.47;58.1;0.316563;233.766;84.3
380.7865625;58.2;0.246771;189.536;83.8
381.0333333;58.3;0.223333;243.141;83.8
381.2566667;58.4;0.24;268.657;81.7
381.4966667;58.5;0.23;250;82.1
381.7266667;58.6;0.281792;260.87;77.9
382.0084583;59.1;0.228208;212.923;73.1
382.2366667;59.2;0.273333;262.918;69.8
382.51;59.3;0.266667;219.512;73
382.7766667;59.4;0.263333;225;67
383.04;59.5;0.3;227.848;73.1
383.34;59.6;0.276667;200;68.1
383.6166667;60.1;0.246688;216.867;71.3
383.8633542;60.2;0.289583;243.223;68.3
384.1529375;60.3;0.290396;207.194;66.1
384.4433333;60.4;0.290188;206.615;68.7
384.7335208;60.5;0.259813;206.763;68.9
384.9933333;60.6;0.236646;230.936;64.9
385.2299792;61.1;0.240021;253.543;71.9
385.47;61.2;0.2;249.978;72.2
385.67;61.3;0.253333;300;67.7
385.9233333;61.4;0.213333;236.842;65.8
386.1366667;61.5;0.236667;281.25;70.4
386.3733333;61.6;0.283333;253.521;68.8
386.6566667;62.1;0.246667;211.765;75.4
386.9033333;62.2;0.249333;243.243;76.3
387.1526667;62.3;0.200667;240.642;74.5
387.3533333;62.4;0.19;299.003;73.7
387.5433333;62.5;0.24;315.789;72.5
387.7833333;62.6;0.203333;250;70.6
387.9866667;63.1;0.262313;295.082;75.7
388.2489792;63.2;0.218417;228.735;75.3
388.4673958;63.3;0.206167;274.704;76
388.6735625;63.4;0.239771;291.027;71.6
388.9133333;63.5;0.223333;250.239;71.9
389.1366667;63.6;0.256667;268.657;71.3
389.3933333;64.1;0.243333;233.766;74.8
389.6366667;64.2;0.217979;246.575;75.3
389.8546458;64.3;0.228687;275.256;75.7
390.0833333;64.4;0.253333;262.367;80.6
390.3366667;64.5;0.226667;236.842;78.2
390.5633333;64.6;0.243333;264.706;81.5
390.8066667;65.1;0.226667;246.575;80.6
391.0333333;65.2;0.235083;264.706;80
391.2684167;65.3;0.20825;255.229;81.1
391.4766667;65.4;0.22;288.115;83.4
391.6966667;65.5;0.24;272.727;81
391.9366667;65.6;0.25;250;80.7
392.1866667;66.1;0.236667;240;81.1
392.4233333;66.2;0.222229;253.521;83.3
392.6455625;66.3;0.216813;269.992;82.2
392.862375;66.4;0.226667;276.737;84.8
393.0890417;66.5;0.211479;264.706;81.9
393.3005208;66.6;0.232812;283.716;81.4
393.5333333;67.1;0.216667;257.718;79.4
393.75;67.2;0.276667;276.923;80.6
394.0266667;67.3;0.232104;216.867;75.5
394.2587708;67.4;0.207896;258.505;72.5
394.4666667;67.5;0.23;288.606;74.4
394.6966667;67.6;0.25;260.87;77
394.9466667;68.1;0.226667;240;76.3
395.1733333;68.2;0.314208;264.706;80.7
395.4875417;68.3;0.245354;190.956;80.1
395.7328958;68.4;0.277104;244.544;78.9
396.01;68.5;0.316667;216.525;78
396.3266667;68.6;0.303333;189.474;77.2
396.63;69.1;0.254167;197.802;76.6
396.8841667;69.2;0.253312;236.066;77
397.1374792;69.3;0.218854;236.862;72.5
397.3563333;69.4;0.229312;274.155;70.3
397.5856458;69.5;0.238583;261.652;75.1
397.8242292;69.6;0.249104;251.484;79.4
398.0733333;70.1;0.265875;240.863;77.7
398.3392083;70.2;0.290792;225.67;80.7
398.63;70.3;0.34;206.333;79.9
398.97;70.4;0.223333;176.471;79.1
399.1933333;70.5;0.263333;268.657;76.1
399.4566667;70.6;0.24;227.848;74.1
399.6966667;71.1;0.296667;250;75.3
399.9933333;71.2;0.22;202.247;71.7
400.2133333;71.3;0.253333;272.727;73.3
400.4666667;71.4;0.25;236.842;71.3
400.7166667;71.5;0.28;240;70.9
400.9966667;71.6;0.27;214.286;72.6
401.2666667;72.1;0.28;222.222;73.3
401.5466667;72.2;0.313333;214.286;66
401.86;72.3;0.248354;191.489;69.4
402.1083542;72.4;0.264917;241.59;65.1
402.3732708;72.5;0.266729;226.486;67.8
402.64;72.6;0.291354;224.947;69.1
402.9313542;73.1;0.266896;205.935;68.5
403.19825;73.2;0.287313;224.807;72.1
403.4855625;73.3;0.364437;208.832;63.6
403.85;73.4;0.593333;164.637;53.1
404.4433333;73.5;0.273333;101.124;73.2
404.7166667;73.6;0.283333;219.512;66.6
405;74.1;0.293333;211.765;66.2
405.2933333;74.2;0.316667;204.545;67.8
405.61;74.3;0.293333;189.474;74.6
405.9033333;74.4;0.330896;204.545;65.3
406.2342292;74.5;0.332437;181.326;60.7
406.5666667;74.6;0.343333;180.485;57.7
406.91;75.1;0.3;174.757;72.6
407.21;75.2;0.286667;200;63.4
407.4966667;75.3;0.373333;209.302;54.8
407.87;75.4;0.42;160.714;56.6
408.29;75.5;0.423333;142.857;65.4
408.7133333;75.6;0.58;141.732;55.5
409.2933333;76.1;0.41;103.448;65
409.7033333;76.2;0.476667;146.341;58.9
410.18;76.3;0.473333;125.874;48.3
410.6533333;76.4;0;126.761;45.2
