2.546938775;1.1;0.741927;0;49.2
3.288866213;1.2;0.621338;80.8704;67
3.910204081;1.3;0.636735;96.5658;66.7
4.546938775;1.4;0.653061;94.2308;72.9
5.2;2.1;0.628571;91.875;65.6
5.828571428;2.2;0.620408;95.4545;72.1
6.448979591;2.3;0.644898;96.7105;62.1
7.093877551;2.4;0.628617;93.038;67.2
7.722494331;3.1;0.571383;95.4477;62.8
8.293877551;3.2;0.661224;105.008;69.9
8.95510204;3.3;0.612245;90.7407;69.7
9.567346938;3.4;0.661224;98;69.9
10.22857143;4.1;0.604082;90.7407;68.7
10.83265306;4.2;0.677551;99.3243;66.9
11.51020408;4.3;0.75102;88.5542;66
12.26122449;4.4;0.75102;79.8913;71
13.0122449;5.1;0.653061;79.8913;59.5
13.66530612;5.2;0.620408;91.875;68.6
14.28571429;5.3;0.595918;96.7105;61
14.88163265;5.4;0.619342;100.685;68.3
15.50097506;6.1;0.63771;96.8769;63
16.13868481;6.2;0.661315;94.0867;68.8
16.8;6.3;0.653061;90.7283;65
17.45306122;6.4;0.718367;91.875;73.6
18.17142857;7.1;0.832653;83.5227;69.1
19.00408163;7.2;0.739546;72.0588;70.5
19.74362812;7.3;0.754331;81.1308;61.2
20.49795918;7.4;0.820249;79.5407;66.1
21.31820862;8.1;0.730771;73.1485;55.1
22.04897959;8.2;0.77551;82.1051;61.9
22.8244898;8.3;0.759184;77.3684;50.4
23.58367347;8.4;0.702041;79.0323;58.5
24.28571429;9.1;0.742857;85.4651;52.2
25.02857143;9.2;0.612245;80.7692;62.2
25.64081633;9.3;0.570544;98;60.7
26.21136054;9.4;0.593946;105.163;68.5
26.80530612;10.1;0.581043;101.019;57.4
27.38634921;10.2;0.647029;103.263;64.4
28.03337868;10.3;0.627846;92.7315;59.5
28.66122449;10.4;0.555102;95.5649;60.9
29.21632653;11.1;0.653061;108.088;53.8
29.86938776;11.2;0.540136;91.875;69
30.40952381;11.3;0.619048;111.083;61.1
31.02857143;11.4;0.546939;96.9231;71.6
31.5755102;12.1;0.67059;109.701;60.3
32.24609977;12.2;0.618753;89.4735;60
32.86485261;12.3;0.596372;96.9693;54.1
33.46122449;12.4;0.61068;100.608;61.4
34.07190476;13.1;0.56483;98.2511;54.5
34.63673469;13.2;0.572993;106.227;67
35.20972789;13.3;0.561701;104.713;59.3
35.77142857;13.4;0.565147;106.818;70.6
36.33657596;14.1;0.569546;106.167;63.4
36.90612245;14.2;0.595918;105.347;69.2
37.50204082;14.3;0.514286;100.685;65.4
38.01632653;14.4;0.555102;116.667;70.2
38.57142857;15.1;0.481633;108.088;67.2
39.05306122;15.2;0.489796;124.576;71.4
39.54285714;15.3;0.546939;122.5;68.4
40.08979592;15.4;0.522449;109.701;72.7
40.6122449;16.1;0.538776;114.844;67.1
41.15102041;16.2;0.571429;111.364;72.2
41.72244898;16.3;0.530612;105;75.2
42.25306122;16.4;0.726531;113.077;77.3
42.97959184;17.1;0.930612;82.5843;70
43.91020408;17.2;0.571429;64.4737;74.7
44.48163265;17.3;0.522449;105;70.3
45.00408163;17.4;0.620408;114.844;67.7
45.6244898;18.1;0.636735;96.7105;70.7
46.26122449;18.2;0.481633;94.2308;68.7
46.74285714;18.3;0.522449;124.576;64
47.26530612;18.4;0.489796;114.844;65.8
47.75510204;19.1;0.571429;122.5;62.1
48.32653061;19.2;0.416327;105;68.4
48.74285714;19.3;0.5178;144.118;66.9
49.2606576;19.4;0.483379;115.875;61.3
49.74403628;20.1;0.582494;124.126;55.3
50.32653061;20.2;0.546939;103.005;63.2
50.87346939;20.3;0.620408;109.701;54.9
51.49387755;20.4;0.734694;96.7105;49.4
52.22857143;21.1;0.644898;81.6667;62.7
52.87346939;21.2;0.489796;93.038;63.6
53.36326531;21.3;0.481633;122.5;66.6
53.84489796;21.4;0.595918;124.576;65.3
54.44081633;22.1;0.612245;100.685;70.5
55.05306122;22.2;0.514286;98;70.6
55.56734694;22.3;0.506122;116.667;70.7
56.07346939;22.4;0.481633;118.548;70.7
56.55510204;23.1;0.497959;124.576;65.9
57.05306122;23.2;0.44898;120.492;72
57.50204082;23.3;0.506122;133.636;72.9
58.00816327;23.4;0.530612;118.548;70.9
58.53877551;24.1;0.506122;113.077;69.7
59.04489796;24.2;0.457143;118.548;71.4
59.50204082;24.3;0.502041;131.25;75.5
60.00408163;24.4;0.404082;119.512;76
60.40816327;25.1;0.473469;148.485;74.8
60.88163265;25.2;0.4;126.724;78.1
61.28163265;25.3;0.449524;150;80.6
61.73115646;25.4;0.489252;133.475;80.4
62.22040816;26.1;0.555102;122.636;79.9
62.7755102;26.2;0.42449;108.088;77.1
63.2;26.3;0.440816;141.346;72.5
63.64081633;26.4;0.571429;136.111;70.7
64.2122449;27.1;0.440816;105;72.4
64.65306122;27.2;0.440816;136.111;73.3
65.09387755;27.3;0.416327;136.111;75.1
65.51020408;27.4;0.432653;144.118;75.4
65.94285714;28.1;0.506122;138.679;79.5
66.44897959;28.2;0.408163;118.548;76.4
66.85714286;28.3;0.44898;147;75
67.30612245;28.4;0.595918;133.636;77.8
67.90204082;29.1;0.546939;100.685;76.1
68.44897959;29.2;0.41161;109.701;78
68.86058957;29.3;0.43737;145.769;77.3
69.29795918;29.4;0.571429;137.184;77.7
69.86938776;30.1;0.519592;105;73.1
70.38897959;30.2;0.427347;115.475;77.1
70.81632653;30.3;0.416327;140.401;79.4
71.23265306;30.4;0.465306;144.118;78.3
71.69795918;31.1;0.514785;128.947;75.8
72.21274376;31.2;0.407664;116.554;75.1
72.62040816;31.3;0.410975;147.18;73.9
73.03138322;31.4;0.535964;145.994;78
73.56734694;32.1;0.449456;111.948;77.2
74.01680272;32.2;0.570952;133.495;67.9
74.5877551;32.3;0.595918;105.088;79.4
75.18367347;32.4;0.58415;100.685;69.8
75.76782313;33.1;0.575034;102.713;69
76.34285714;33.2;0.579592;104.342;71.1
76.92244898;33.3;0.77551;103.521;73.6
77.69795918;33.4;0.922449;77.3684;65.9
78.62040816;34.1;0.653061;65.0443;59.8
79.27346939;34.2;0.571429;91.875;65.3
79.84489796;34.3;0.481633;105;64.3
80.32653061;34.4;0.644898;124.576;69.6
80.97142857;35.1;0.555102;93.038;75.5
81.52653061;35.2;0.612245;108.088;78.4
82.13877551;35.3;0.499138;98;66.9
82.63791383;35.4;0.586576;120.207;67.7
83.2244898;36.1;0.555102;102.289;72.3
83.77959184;36.2;0.555102;108.088;69.4
84.33469388;36.3;0.514286;108.088;72.4
84.84897959;36.4;0.718367;116.667;76.2
85.56734694;37.1;0.685714;83.5227;74.5
86.25306122;37.2;0.473469;87.5;75.6
86.72653061;37.3;0.636735;126.724;67.1
87.36326531;37.4;0.685714;94.2308;58.3
88.04897959;38.1;0.628571;87.5;57.5
88.67755102;38.2;0.530612;95.4545;61.9
89.20816327;38.3;0.510907;113.077;59.7
89.71907029;38.4;0.542154;117.438;65.8
90.26122449;39.1;0.514286;110.67;63.7
90.7755102;39.2;0.473469;116.667;65.5
91.24897959;39.3;0.497959;126.724;63.7
91.74693878;39.4;0.564875;120.492;66.7
92.31181406;40.1;0.561655;106.218;66.5
92.87346939;40.2;0.481633;106.827;68.1
93.35510204;40.3;0.432653;124.576;70.7
93.7877551;40.4;0.623764;138.679;73.7
94.41151927;41.1;0.657869;96.1902;71.8
95.06938776;41.2;0.522449;91.2036;73.1
95.59183673;41.3;0.489796;114.844;67.3
96.08163265;41.4;0.82449;122.5;66.3
96.90612245;42.1;0.555102;72.7723;59
97.46122449;42.2;0.473469;108.088;67.3
97.93469388;42.3;0.465306;126.724;65.9
98.4;42.4;0.530612;128.947;67.2
98.93061224;43.1;0.522449;113.077;69.7
99.45306122;43.2;0.440816;114.844;72.6
99.89387755;43.3;0.47127;136.111;65.6
100.3651474;43.4;0.532812;127.316;67.2
100.8979592;44.1;0.462766;112.61;70
101.3607256;44.2;0.451519;129.655;68
101.8122449;44.3;0.440816;132.885;70.1
102.2530612;44.4;0.514286;136.111;72.3
102.7673469;45.1;0.457143;116.667;72.2
103.2244898;45.2;0.489796;131.25;70.6
103.7142857;45.3;0.432653;122.5;71.5
104.1469388;45.4;0.555102;138.679;74.1
104.7020408;46.1;0.51644;108.088;77.1
105.2184807;46.2;0.462472;116.18;75.1
105.6809524;46.3;0.44966;129.738;77.5
106.1306122;46.4;0.497959;133.434;77.6
106.6285714;47.1;0.42449;120.492;75.8
107.0530612;47.2;0.432653;141.346;74.8
107.4857143;47.3;0.440816;138.679;76.6
107.9265306;47.4;0.489796;136.111;78.6
108.4163265;48.1;0.414104;122.5;76.8
108.8304308;48.2;0.459365;144.891;75.3
109.2897959;48.3;0.416327;130.615;77.5
109.7061224;48.4;0.481633;144.118;79
110.1877551;49.1;0.436576;124.576;76.9
110.6243311;49.2;0.45322;137.433;74.6
111.077551;49.3;0.416327;132.386;76.4
111.4938776;49.4;0.612245;144.118;77.9
112.1061224;50.1;0.538776;98;79
112.644898;50.2;0.432653;111.364;75.3
113.077551;50.3;0.416327;138.679;78.5
113.4938776;50.4;0.457143;144.118;78.6
113.9510204;51.1;0.514286;131.25;78.6
114.4653061;51.2;0.37551;116.667;77.4
114.8408163;51.3;0.383673;159.783;78
115.2244898;51.4;0.481633;156.383;78.8
115.7061224;52.1;0.473469;124.576;76.3
116.1795918;52.2;0.367347;126.724;78.9
116.5469388;52.3;0.416327;163.333;83
116.9632653;52.4;0.40102;144.118;78.1
117.3642857;53.1;0.480612;149.618;79.3
117.844898;53.2;0.367347;124.841;76.3
118.2122449;53.3;0.406236;163.333;77.2
118.6184807;53.4;0.45907;147.697;77.6
119.077551;54.1;0.462562;130.699;78.8
119.5401134;54.2;0.367823;129.712;79
119.9079365;54.3;0.438322;163.122;79.8
120.3462585;54.4;0.365714;136.886;76.2
120.7119728;55.1;0.381905;164.062;78
121.0938776;55.2;0.410068;157.107;79.9
121.5039456;55.3;0.430748;146.317;78.4
121.9346939;55.4;0.387483;139.292;78
122.3221769;56.1;0.428844;154.846;78.2
122.7510204;56.2;0.36517;139.911;78
123.1161905;56.3;0.377687;164.307;79.1
123.4938776;56.4;0.383673;158.862;81.3
123.877551;57.1;0.506122;156.383;79.2
124.3836735;57.2;0.457143;118.548;78.2
124.8408163;57.3;0.587755;131.25;80.8
125.4285714;57.4;0.710204;102.083;81.2
126.1387755;58.1;0.620408;84.4828;72
126.7591837;58.2;0.636735;96.7105;78.3
127.3959184;58.3;0.432653;94.2308;71.5
127.8285714;58.4;0.481633;138.679;78.8
128.3102041;59.1;0.506122;124.576;78.8
128.8163265;59.2;0.489796;118.548;72
129.3061224;59.3;0.457143;122.5;76.7
129.7632653;59.4;0.4;131.25;78.3
130.1632653;60.1;0.481633;150;79
130.644898;60.2;0.465306;124.576;79.8
131.1102041;60.3;0.428413;128.947;74.9
131.5386168;60.4;0.466939;140.052;78.5
132.0055556;61.1;0.467914;128.497;75.2
132.4734694;61.2;0.522449;128.229;80.1
132.9959184;61.3;0.484943;114.844;74
133.4808617;61.4;0.649751;123.726;80.1
134.1306122;62.1;0.538776;92.3431;78.4
134.6693878;62.2;0.497959;111.364;79.9
135.1673469;62.3;0.457143;120.492;81.5
135.6244898;62.4;0.440816;131.25;79.2
136.0653061;63.1;0.432653;136.111;78.3
136.4979592;63.2;0.522449;138.679;77.1
137.0204082;63.3;0.620408;114.844;78.8
137.6408163;63.4;0.473469;96.7105;76.9
138.1142857;64.1;0.457143;126.724;75.6
138.5714286;64.2;0.44898;131.25;76.2
139.0204082;64.3;0.473469;133.636;76.1
139.4938776;64.4;0.44898;126.724;76.3
139.9428571;65.1;0.457143;133.636;79.1
140.4;65.2;0.477234;131.25;79.1
140.8772336;65.3;0.518685;125.725;77.5
141.3959184;65.4;0.661224;115.677;79.3
142.0571429;66.1;0.513946;90.7407;76.8
142.5710884;66.2;0.726871;116.744;69.3
143.2979592;66.3;0.587755;82.5456;69.4
143.8857143;66.4;0.693878;102.083;65.7
144.5795918;67.1;0.514286;86.4706;71.3
145.0938776;67.2;0.530612;116.667;72.1
145.6244898;67.3;0.54093;113.077;68.2
146.1654195;67.4;0.716213;110.92;62.5
146.8816327;68.1;0.538776;83.7739;68
147.4204082;68.2;0.481633;111.364;69.9
147.9020408;68.3;0.546939;124.576;67.7
148.4489796;68.4;0.522449;109.701;67.2
148.9714286;69.1;0.538776;114.844;72.3
149.5102041;69.2;0.485193;111.364;76.4
149.9953968;69.3;0.559705;123.662;73.4
150.555102;69.4;0.685714;107.199;75.7
151.2408163;70.1;0.579592;87.5;70.5
151.8204082;70.2;0.530612;103.521;76.2
152.3510204;70.3;0.653061;113.077;73
153.0040816;70.4;0.546939;91.875;62.1
153.5510204;71.1;0.595918;109.701;67.4
154.1469388;71.2;0.587755;100.685;63
154.7346939;71.3;0.628571;102.083;68.8
155.3632653;71.4;0.791837;95.4545;61.4
156.155102;72.1;0.636735;75.7732;66.1
156.7918367;72.2;0.661224;94.2308;58.5
157.4530612;72.3;0.604082;90.7407;70
158.0571429;72.4;0.620408;99.3243;66.6
158.677551;73.1;0.620408;96.7105;62.6
159.2979592;73.2;0.620408;96.7105;62.6
159.9183673;73.3;0.710204;96.7105;70.5
160.6285714;73.4;0.636735;84.4828;63.9
161.2653061;74.1;0.547982;94.2308;61.1
161.813288;74.2;0.660181;109.493;61.2
162.4734694;74.3;0.653061;90.8841;65.2
163.1265306;74.4;0.636735;91.875;66.4
163.7632653;75.1;0.653061;94.2308;64.1
164.4163265;75.2;0.636735;91.875;61.5
165.0530612;75.3;0.685714;94.2308;63.1
165.7387755;75.4;1.2;87.5;56.1
166.9387755;76.1;0.946939;50;62.3
167.8857143;76.2;0.914286;63.3621;63.2
168.8;76.3;0.791837;65.625;47.3
169.5918367;76.4;1.12653;75.7732;58.2
170.7183673;77.1;1.13469;53.2609;60.5
171.8530612;77.2;1.01224;52.8777;58
172.8653061;77.3;1.23265;59.2742;47
174.0979592;77.4;0.848617;48.6755;55.1
174.946576;78.1;0.702404;70.7033;58.9
175.6489796;78.2;0.636735;85.421;65.3
176.2857143;78.3;0.620408;94.2308;62.4
176.9061224;78.4;0.653061;96.7105;64.8
177.5591837;79.1;0.710204;91.875;64.3
178.2693878;79.2;0.612245;84.4828;68.1
178.8816327;79.3;0.612245;98;65.1
179.4938776;79.4;0.628571;98;68.1
180.122449;80.1;0.604082;95.4545;65.8
180.7265306;80.2;0.628571;99.3243;68.6
181.355102;80.3;0.579592;95.4545;66.3
181.9346939;80.4;0.636735;103.521;70.4
182.5714286;81.1;0.620408;94.2308;65.5
183.1918367;81.2;0.628571;96.7105;68.8
183.8204082;81.3;0.612245;95.4545;65.8
184.4326531;81.4;0.669388;98;67
185.1020408;82.1;0.653061;89.6341;64.1
185.755102;82.2;0.718367;91.875;65.3
186.4734694;82.3;0.710204;83.5227;60.4
187.1836735;82.4;0.75102;84.4828;60.9
187.9346939;83.1;0.677551;79.8913;58.7
188.6122449;83.2;0.604082;88.5542;64.1
189.2163265;83.3;0.604082;99.3243;62.5
189.8204082;83.4;0.644898;99.3243;65.3
190.4653061;84.1;0.604082;93.038;65.5
191.0693878;84.2;0.571429;99.3243;67.9
191.6408163;84.3;0.693878;105;65.7
192.3346939;84.4;0.606327;86.4706;64.2
192.9410204;85.1;0.667143;98.9566;66.2
193.6081633;85.2;0.604082;89.9358;70.4
194.2122449;85.3;0.653061;99.3243;71.4
194.8653061;85.4;0.726531;91.875;68.3
195.5918367;86.1;0.628571;82.5843;64.8
196.2204082;86.2;0.677551;95.4545;66.9
196.8979592;86.3;0.595918;88.5542;61.9
197.4938776;86.4;0.75102;100.685;65.8
198.244898;87.1;0.636735;79.8913;64.2
198.8816327;87.2;0.661224;94.2308;62.5
199.5428571;87.3;0.628571;90.7407;61.2
200.1714286;87.4;0.685714;95.4545;61.9
200.8571429;88.1;0.620408;87.5;63.9
201.477551;88.2;0.636735;96.7105;64.1
202.1142857;88.3;0.620408;94.2308;63.7
202.7346939;88.4;0.75102;96.7105;61.6
203.4857143;89.1;0.791837;79.8913;68.8
204.277551;89.2;0.653061;75.7732;67.6
204.9306122;89.3;0.669116;91.875;65.3
205.5997279;89.4;0.654059;89.6706;61.2
206.2537868;90.1;0.725805;91.7348;57.8
206.9795918;90.2;0.742857;82.6668;61.6
207.722449;90.3;0.791837;80.7692;58.3
208.5142857;90.4;0.987755;75.7732;54.4
209.5020408;1.1;0.595918;60.7438;53.1
210.0979592;1.2;0.653061;100.685;63
210.7510204;1.3;0.54941;91.875;65.3
211.3004308;1.4;0.675079;109.208;76.4
211.9755102;2.1;0.587755;88.8784;65.3
212.5632653;2.2;0.579592;102.083;69.8
213.1428571;2.3;0.620408;103.521;62.3
213.7632653;2.4;0.612245;96.7105;67.7
214.3755102;3.1;0.595918;98;59.1
214.9714286;3.2;0.685714;100.685;66.5
215.6571429;3.3;0.604082;87.5;68.6
216.2612245;3.4;0.612245;99.3243;70.7
216.8734694;4.1;0.661224;98;68.1
217.5346939;4.2;0.718367;90.7407;67.5
218.2530612;4.3;0.726531;83.5227;63.8
218.9795918;4.4;0.685714;82.5843;66.8
219.6653061;5.1;0.783673;87.5;60.9
220.4489796;5.2;0.677551;76.5625;64.7
221.1265306;5.3;0.579592;88.5542;59.8
221.7061224;5.4;0.628073;103.521;68.9
222.334195;6.1;0.571927;95.5304;61
222.9061224;6.2;0.644898;104.908;69.1
223.5510204;6.3;0.612245;93.038;61.9
224.1632653;6.4;0.938776;98;70.2
225.1020408;7.1;0.604082;63.913;57.1
225.7061224;7.2;0.710204;99.3243;66
226.4163265;7.3;0.653061;84.4828;59.6
227.0693878;7.4;0.865306;91.875;64.9
227.9346939;8.1;0.668209;69.3396;55.2
228.6029025;8.2;0.760363;89.7923;62.1
229.3632653;8.3;0.742857;78.9097;50.8
230.1061224;8.4;0.837619;80.7692;61.3
230.9437415;9.1;0.737891;71.6316;51.2
231.6816327;9.2;0.587755;81.3128;62.1
232.2693878;9.3;0.563265;102.083;55.2
232.8326531;9.4;0.583084;106.522;69.1
233.415737;10.1;0.625079;102.901;59.1
234.0408163;10.2;0.58458;95.9878;64.9
234.6253968;10.3;0.587755;102.638;59.2
235.2131519;10.4;0.574603;102.083;63.4
235.7877551;11.1;0.546939;104.42;53.7
236.3346939;11.2;0.612472;109.701;68.8
236.9471655;11.3;0.612018;97.9637;60.5
237.5591837;11.4;0.563265;98.0363;69.7
238.122449;12.1;0.620408;106.522;59.1
238.7428571;12.2;0.613016;96.7105;62.3
239.355873;12.3;0.65229;97.8767;57.1
240.0081633;12.4;0.595918;91.9836;61.6
240.6040816;13.1;0.566735;100.685;54.4
241.1708163;13.2;0.526281;105.87;69.2
241.6970975;13.3;0.539637;114.007;61.7
242.2367347;13.4;0.636735;111.186;70.9
242.8734694;14.1;0.546939;94.2308;64.7
243.4204082;14.2;0.522449;109.701;71.8
243.9428571;14.3;0.506122;114.844;66
244.4489796;14.4;0.571429;118.548;69.2
245.0204082;15.1;0.489796;105;67.9
245.5102041;15.2;0.563265;122.5;72.4
246.0734694;15.3;0.514286;106.522;66.7
246.5877551;15.4;0.497959;116.667;73.8
247.0857143;16.1;0.563265;120.492;71.1
247.6489796;16.2;0.540839;106.522;72.3
248.1898186;16.3;0.626508;110.939;71.7
248.8163265;16.4;0.791837;95.7689;77.2
249.6081633;17.1;0.840816;75.7732;70.7
250.4489796;17.2;0.571429;71.3592;73
251.0204082;17.3;0.538776;105;67.9
251.5591837;17.4;0.669388;111.364;65.9
252.2285714;18.1;0.669388;89.6341;68.7
252.8979592;18.2;0.511474;89.6341;70.4
253.4094331;18.3;0.516349;117.308;65
253.9257823;18.4;0.433401;116.2;64.4
254.3591837;19.1;0.595918;138.44;64.5
254.955102;19.2;0.44898;100.685;63.5
255.4040816;19.3;0.489796;133.636;61.9
255.8938776;19.4;0.561542;122.5;56.9
256.4554195;20.1;0.494921;106.849;52.7
256.9503401;20.2;0.592517;121.232;58.1
257.5428571;20.3;0.563265;101.263;54.9
258.1061224;20.4;0.661224;106.522;50
258.7673469;21.1;0.653061;90.7407;59.4
259.4204082;21.2;0.522449;91.875;58.4
259.9428571;21.3;0.506122;114.844;65.5
260.4489796;21.4;0.555102;118.548;63.3
261.0040816;22.1;0.612245;108.088;70.3
261.6163265;22.2;0.494422;98;68.7
262.1107483;22.3;0.502517;121.354;68.9
262.6132653;22.4;0.498503;119.399;71.6
263.1117687;23.1;0.475215;120.36;65.9
263.5869841;23.2;0.433016;126.259;71
264.02;23.3;0.452154;138.563;71
264.4721542;23.4;0.580907;132.698;72.9
265.0530612;24.1;0.477868;103.287;71.1
265.5309297;24.2;0.421746;125.558;74.6
265.9526757;24.3;0.521383;142.266;76.9
266.474059;24.4;0.391247;115.078;77.9
266.8653061;25.1;0.440816;153.356;76.6
267.3061224;25.2;0.408163;136.111;79.6
267.7142857;25.3;0.432653;147;80
268.1469388;25.4;0.492132;138.679;80.6
268.6390703;26.1;0.503787;121.919;82.1
269.1428571;26.2;0.398209;119.098;78.9
269.5410658;26.3;0.507914;150.675;75.3
270.0489796;26.4;0.465306;118.13;71.8
270.5142857;27.1;0.538776;128.947;73
271.0530612;27.2;0.383673;111.364;76.7
271.4367347;27.3;0.440816;156.383;79.2
271.877551;27.4;0.465306;136.111;78.4
272.3428571;28.1;0.497959;128.947;79.6
272.8408163;28.2;0.415986;120.492;76.3
273.2568027;28.3;0.441156;144.235;74.9
273.6979592;28.4;0.628571;136.006;77.8
274.3265306;29.1;0.494286;95.4545;75.7
274.8208163;29.2;0.436327;121.387;77.9
275.2571429;29.3;0.42449;137.512;77.3
275.6816327;29.4;0.602653;141.346;77.7
276.2842857;30.1;0.515714;99.5598;71.2
276.8;30.2;0.402494;116.343;75.3
277.2024943;30.3;0.421995;149.07;78.5
277.6244898;30.4;0.444127;142.182;76.3
278.0686168;31.1;0.505941;135.096;74.5
278.5745578;31.2;0.394717;118.591;76.5
278.9692744;31.3;0.418481;152.008;76.1
279.3877551;31.4;0.563265;143.376;75.8
279.9510204;32.1;0.432653;106.522;75.4
280.3836735;32.2;0.571429;138.679;66.8
280.955102;32.3;0.579592;105;79
281.5346939;32.4;0.620408;103.521;70.7
282.155102;33.1;0.615283;96.7105;69
282.7703855;33.2;0.5439;97.516;77.2
283.3142857;33.3;0.757891;110.314;74.2
284.0721769;33.4;0.923742;79.167;64.4
284.9959184;34.1;0.75102;64.9532;61.6
285.7469388;34.2;0.522449;79.8913;68.1
286.2693878;34.3;0.497959;114.844;66.3
286.7673469;34.4;0.653061;120.492;71.9
287.4204082;35.1;0.636735;91.875;76.4
288.0571429;35.2;0.506122;94.2308;75.2
288.5632653;35.3;0.538776;118.548;68.7
289.1020408;35.4;0.620408;111.364;68.8
289.722449;36.1;0.579592;96.7105;71.3
290.3020408;36.2;0.506122;103.521;69.4
290.8081633;36.3;0.555102;118.548;69.3
291.3632653;36.4;0.710204;108.088;74.7
292.0734694;37.1;0.571429;84.4828;75.3
292.644898;37.2;0.595918;105;79.1
293.2408163;37.3;0.587755;100.685;66.4
293.8285714;37.4;0.702041;102.083;60.9
294.5306122;38.1;0.604082;85.4651;59.5
295.1346939;38.2;0.571429;99.3243;65.2
295.7061224;38.3;0.514286;105;62.5
296.2204082;38.4;0.546939;116.667;68.1
296.7673469;39.1;0.48839;109.701;65.9
297.255737;39.2;0.523855;122.853;69.5
297.7795918;39.3;0.579592;114.536;65.6
298.3591837;39.4;0.530612;103.521;67.1
298.8897959;40.1;0.612245;113.077;68.5
299.5020408;40.2;0.497959;98;69
300;40.3;0.481633;120.492;73.2
300.4816327;40.4;0.644898;124.576;75.3
301.1265306;41.1;0.734694;93.038;74.2
301.8612245;41.2;0.500748;81.6667;70
302.3619728;41.3;0.552313;119.821;67.5
302.9142857;41.4;0.791837;108.634;67.9
303.7061224;42.1;0.636735;75.7732;59.1
304.3428571;42.2;0.473469;94.2308;65.6
304.8163265;42.3;0.428073;126.724;64.7
305.2443991;42.4;0.551519;140.163;68.4
305.7959184;43.1;0.514286;108.79;70
306.3102041;43.2;0.465306;116.667;72.2
306.7755102;43.3;0.44898;128.947;65.2
307.2244898;43.4;0.522449;133.636;67.4
307.7469388;44.1;0.481633;114.844;72.4
308.2285714;44.2;0.432653;124.576;67.7
308.6612245;44.3;0.432653;138.679;69.4
309.0938776;44.4;0.530612;138.679;71.8
309.6244898;45.1;0.522449;113.077;72.3
310.1469388;45.2;0.44898;114.844;70.6
310.5959184;45.3;0.42449;133.636;72.3
311.0204082;45.4;0.563265;141.346;75.5
311.5836735;46.1;0.529365;106.522;75.2
312.1130385;46.2;0.450227;113.343;75.6
312.5632653;46.3;0.416327;133.266;77.3
312.9795918;46.4;0.481633;144.118;77.4
313.4612245;47.1;0.44898;124.576;74.1
313.9102041;47.2;0.44898;133.636;74.4
314.3591837;47.3;0.4;133.636;76.8
314.7591837;47.4;0.497959;150;77.3
315.2571429;48.1;0.387098;120.492;76.7
315.6442404;48.2;0.453719;155;74.8
316.0979592;48.3;0.408163;132.24;77.4
316.5061224;48.4;0.465306;147;78.1
316.9714286;49.1;0.434422;128.947;76.5
317.4058503;49.2;0.422721;138.115;73.4
317.8285714;49.3;0.4178;141.938;76
318.2463719;49.4;0.569955;143.609;78.1
318.8163265;50.1;0.538776;105.272;76.7
319.355102;50.2;0.4;111.364;76.3
319.755102;50.3;0.408163;150;75.7
320.1632653;50.4;0.442698;147;76.5
320.6059637;51.1;0.512404;135.532;76.6
321.1183673;51.2;0.37551;117.095;75.9
321.4938776;51.3;0.37551;159.783;76.8
321.8693878;51.4;0.432653;159.783;76.9
322.3020408;52.1;0.481633;138.679;74.6
322.7836735;52.2;0.37551;124.576;77.2
323.1591837;52.3;0.4;159.783;79.3
323.5591837;52.4;0.432653;150;75.3
323.9918367;53.1;0.37551;138.679;75.7
324.3673469;53.2;0.408163;159.783;73.8
324.7755102;53.3;0.391837;147;74.8
325.1673469;53.4;0.457143;153.125;77.4
325.6244898;54.1;0.457143;131.25;76.5
326.0816327;54.2;0.37551;131.25;76.8
326.4571429;54.3;0.457143;159.783;77.5
326.9142857;54.4;0.359184;131.25;74.1
327.2734694;55.1;0.383673;167.045;75.8
327.6571429;55.2;0.42449;156.383;77.7
328.0816327;55.3;0.380794;141.346;75.7
328.4624263;55.4;0.42737;157.566;75.7
328.8897959;56.1;0.42449;140.394;75.8
329.3142857;56.2;0.37551;141.346;75.6
329.6897959;56.3;0.360658;159.783;77
330.0504535;56.4;0.3822;166.363;79.1
330.4326531;57.1;0.506122;156.986;76.8
330.9387755;57.2;0.44898;118.548;76
331.3877551;57.3;0.587755;133.636;79.2
331.9755102;57.4;0.720476;102.083;79
332.6959864;58.1;0.59381;83.2783;69.7
333.2897959;58.2;0.644898;101.043;75.7
333.9346939;58.3;0.440816;93.038;69.2
334.3755102;58.4;0.481633;136.111;76.6
334.8571429;59.1;0.490136;124.576;76.5
335.3472789;59.2;0.546599;122.415;69.9
335.8938776;59.3;0.410136;109.77;74.9
336.3040136;59.4;0.43068;146.293;76.1
336.7346939;60.1;0.457143;139.314;76.8
337.1918367;60.2;0.432653;131.25;77.5
337.6244898;60.3;0.455034;138.679;73.1
338.0795238;60.4;0.491905;131.858;76.1
338.5714286;61.1;0.440816;121.975;73.1
339.0122449;61.2;0.530612;136.111;77.9
339.5428571;61.3;0.489796;113.077;71.8
340.0326531;61.4;0.644898;122.5;77.9
340.677551;62.1;0.546939;93.038;76.1
341.2244898;62.2;0.481633;109.701;77.9
341.7061224;62.3;0.457143;124.576;79.5
342.1632653;62.4;0.457143;131.25;76.9
342.6204082;63.1;0.442857;131.25;76.2
343.0632653;63.2;0.512245;135.484;75.1
343.5755102;63.3;0.636735;117.131;76.6
344.2122449;63.4;0.44898;94.2308;74.7
344.6612245;64.1;0.473469;133.636;73.5
345.1346939;64.2;0.440816;126.724;74
345.5755102;64.3;0.489796;136.111;73.9
346.0653061;64.4;0.42449;122.5;73.9
346.4897959;65.1;0.471814;141.346;76.7
346.96161;65.2;0.475125;127.169;76.7
347.4367347;65.3;0.489796;126.283;75.1
347.9265306;65.4;0.669388;122.5;77.9
348.5959184;66.1;0.530612;89.6341;76.5
349.1265306;66.2;0.816327;113.077;70.3
349.9428571;66.3;0.69415;73.5;65.8
350.6370068;66.4;0.709932;86.4367;60.4
351.3469388;67.1;0.499206;84.5151;65.1
351.8461451;67.2;0.570181;120.191;66.5
352.4163265;67.3;0.506122;105.23;66.7
352.922449;67.4;0.759184;118.548;61.4
353.6816327;68.1;0.546939;79.0323;63.9
354.2285714;68.2;0.489796;109.701;65.9
354.7183673;68.3;0.562608;122.5;65.1
355.2809751;68.4;0.539433;106.646;63
355.8204082;69.1;0.564218;111.228;68.2
356.3846259;69.2;0.50195;106.342;75.9
356.886576;69.3;0.541565;119.534;74.3
357.4281406;69.4;0.677982;110.79;77
358.1061224;70.1;0.628571;88.4979;71.9
358.7346939;70.2;0.555102;95.4545;72.7
359.2897959;70.3;0.620408;108.088;72.3
359.9102041;70.4;0.620408;96.7105;62
360.5306122;71.1;0.555102;96.7105;66.2
361.0857143;71.2;0.538776;108.088;62.6
361.6244898;71.3;0.571429;111.364;64.3
362.1959184;71.4;0.77551;105;59.3
362.9714286;72.1;0.677551;77.3684;61.3
363.6489796;72.2;0.595918;88.5542;61.3
364.244898;72.3;0.563265;100.685;71.2
364.8081633;72.4;0.579592;106.522;67.1
365.3877551;73.1;0.644898;103.521;64.4
366.0326531;73.2;0.563265;93.038;64.5
366.5959184;73.3;0.661224;106.522;70.9
367.2571429;73.4;0.628571;90.7407;66.8
367.8857143;74.1;0.615556;95.4545;62.3
368.5012698;74.2;0.600771;97.4729;60.7
369.1020408;74.3;0.612245;99.8717;65.4
369.7142857;74.4;0.702041;98;63.7
370.4163265;75.1;0.489796;85.4651;69.1
370.9061224;75.2;0.702041;122.5;61.3
371.6081633;75.3;0.783673;85.4651;63.4
372.3918367;75.4;1.02041;76.5625;59.3
373.4122449;76.1;0.946939;58.8;58.3
374.3591837;76.2;0.800748;63.3621;58.9
375.159932;76.3;0.831905;74.9299;45.3
375.9918367;76.4;1.08952;72.1236;57.7
377.0813605;77.1;1.16354;55.0699;57.7
378.244898;77.2;0.955102;51.5669;58
379.2;77.3;1.2;62.8205;48.7
380.4;77.4;0.84898;50;55.2
381.2489796;78.1;0.718367;70.6731;58.8
381.9673469;78.2;0.620408;83.5227;65.6
382.5877551;78.3;0.620408;96.7105;62.4
383.2081633;78.4;0.669388;96.7105;64.8
383.877551;79.1;0.693878;89.6341;64
384.5714286;79.2;0.620408;86.4706;68.1
385.1918367;79.3;0.636735;96.7105;63.2
385.8285714;79.4;0.628571;94.2308;66.7
386.4571429;80.1;0.579592;95.4545;63.9
387.0367347;80.2;0.612245;103.521;67.8
387.6489796;80.3;0.595918;98;65
388.244898;80.4;0.604082;100.685;66.4
388.8489796;81.1;0.612245;99.3243;62.4
389.4612245;81.2;0.604082;98;64.6
390.0653061;81.3;0.620408;99.3243;63.6
390.6857143;81.4;0.653061;96.7105;65.5
391.3387755;82.1;0.620408;91.875;61.7
391.9591837;82.2;0.677551;96.7105;64.2
392.6367347;82.3;0.653061;88.5542;59.3
393.2897959;82.4;0.661224;91.875;58.7
393.9510204;83.1;0.677551;90.7407;58.4
394.6285714;83.2;0.587755;88.5542;63.8
395.2163265;83.3;0.579592;102.083;62.9
395.7959184;83.4;0.595918;103.521;66
396.3918367;84.1;0.595918;100.685;65.5
396.9877551;84.2;0.612245;100.685;67.4
397.6;84.3;0.628571;98;62.1
398.2285714;84.4;0.595918;95.4545;63
398.8244898;85.1;0.653061;100.685;64.4
399.477551;85.2;0.644898;91.875;71.6
400.122449;85.3;0.669388;93.038;69.7
400.7918367;85.4;0.661224;89.6341;63.4
401.4530612;86.1;0.636735;90.7407;63
402.0897959;86.2;0.604082;94.2308;65.7
402.6938776;86.3;0.611451;99.3243;63.7
403.3053288;86.4;0.694671;98.1272;65
404;87.1;0.661224;86.3718;64.4
404.6612245;87.2;0.677551;90.7407;62.5
405.3387755;87.3;0.636735;88.5542;60.8
405.9755102;87.4;0.726531;94.2308;60.7
406.7020408;88.1;0.644898;82.5843;64.4
407.3469388;88.2;0.623991;93.038;65.1
407.9709297;88.3;0.600499;96.1552;64.3
408.5714286;88.4;0.702041;99.9169;61.8
409.2734694;89.1;0.783673;85.4651;68.2
410.0571429;89.2;0.636735;76.5625;67.8
410.6938776;89.3;0.612245;94.2308;65.2
411.3061224;89.4;0.620408;98;61.8
411.9265306;90.1;0.620408;96.7105;58.5
412.5469388;90.2;0.653061;96.7105;63.6
413.2;90.3;0.718367;91.875;61
413.9183673;90.4;0.742857;83.5227;54
414.6612245;91.1;0.636735;80.7692;61
415.2979592;91.2;0.563265;94.2308;67.9
415.8612245;91.3;0.546939;106.522;71.1
416.4081633;91.4;0.563265;109.701;73.2
416.9714286;92.1;0.538776;106.522;69.7
417.5102041;92.2;0.587755;111.364;71.7
418.0979592;92.3;0.571429;102.083;65.2
418.6693878;92.4;0.587755;105;65.8
419.2571429;93.1;0.533152;102.083;69.6
419.7902948;93.2;0.593379;112.538;67
420.3836735;93.3;0.530612;101.116;65.6
420.9142857;93.4;0.636735;113.077;66.2
421.5510204;94.1;0.661224;94.2308;75.2
422.2122449;94.2;0.546939;90.7407;66.9
422.7591837;94.3;0.49576;109.701;72.1
423.2549433;94.4;0.712404;121.026;67.7
423.9673469;95.1;0.563265;84.2219;72.3
424.5306122;95.2;0.577098;106.522;67.7
425.1077098;95.3;0.503016;103.969;70.9
425.6107256;95.4;0.617846;119.281;67.6
426.2285714;96.1;0.590408;97.1116;71.8
426.8189796;96.2;0.552449;101.625;67.7
427.3714286;96.3;0.556009;108.607;74.9
427.9274376;96.4;0.611338;107.912;65.9
428.5387755;97.1;0.636735;98.1454;70.1
429.1755102;97.2;0.497959;94.2308;74.8
429.6734694;97.3;0.531542;120.492;73.7
430.2050113;97.4;0.652131;112.879;68.4
430.8571429;98.1;0.504762;92.006;71.7
431.3619048;98.2;0.662585;118.868;65.4
432.0244898;98.3;0.644898;90.5544;66.2
432.6693878;98.4;0.718367;93.038;59.2
433.3877551;99.1;0.587755;83.5227;63.7
433.9755102;99.2;0.538776;102.083;60.5
434.5142857;99.3;0.497959;111.364;71.5
435.0122449;99.4;0.677551;120.492;65.6
435.6897959;100.1;0.549524;88.5542;70
436.2393197;100.2;0.56068;109.185;62.6
436.8;100.3;0.604082;107.013;64.6
437.4040816;100.4;0.612245;99.3243;63.2
438.0163265;101.1;0.628571;98;70.3
438.644898;101.2;0.563265;95.4545;70.6
439.2081633;101.3;0.514286;106.522;68.3
439.722449;101.4;0.710204;116.667;65.8
440.4326531;102.1;0.550295;84.4828;66.2
440.9829478;102.2;0.649705;109.032;69.7
441.6326531;102.3;0.563265;92.3496;65.6
442.1959184;102.4;0.708209;106.522;64.3
442.904127;103.1;0.671383;84.7208;67.5
443.5755102;103.2;0.522449;89.3677;65.7
444.0979592;103.3;0.538776;114.844;65.4
444.6367347;103.4;0.595918;111.364;69.4
445.2326531;104.1;0.710204;100.685;70.4
445.9428571;104.2;0.587755;84.4828;71.1
446.5306122;104.3;0.383673;102.083;68.5
446.9142857;104.4;0.669388;156.383;74.6
447.5836735;105.1;0.661224;89.6341;73.6
448.244898;105.2;0.538776;90.7407;72.4
448.7836735;105.3;0.546939;111.364;72.4
449.3306122;105.4;0.685714;109.701;73.9
450.0163265;106.1;0.571429;87.5;67.6
450.5877551;106.2;0.587755;105;69.3
451.1755102;106.3;0.618458;102.083;65.5
451.7939683;106.4;0.646848;97.0155;65.1
452.4408163;107.1;0.636735;92.7575;61.1
453.077551;107.2;0.507347;94.2308;62
453.584898;107.3;0.553878;118.262;72.8
454.1387755;107.4;0.522449;108.327;70.4
454.6612245;108.1;0.571429;114.844;75.1
455.2326531;108.2;0.514286;105;71.4
455.7469388;108.3;0.514286;116.667;71.3
456.2612245;108.4;0.620408;116.667;65.7
456.8816327;109.1;0.530612;96.7105;75.7
457.4122449;109.2;0.522449;113.077;72.1
457.9346939;109.3;0.514286;114.844;70.5
458.4489796;109.4;0.612245;116.667;63
459.0612245;110.1;0.563265;98;67.2
459.6244898;110.2;0.563265;106.522;62.4
460.1877551;110.3;0.538776;106.522;62.9
460.7265306;110.4;0.514286;111.364;59.9
461.2408163;111.1;0.530612;116.667;70.2
461.7714286;111.2;0.481633;113.077;71
462.2530612;111.3;0.481633;124.576;74.5
462.7346939;111.4;0.571429;124.576;78.5
463.3061224;112.1;0.489093;105;79.6
463.7952154;112.2;0.523152;122.676;75.4
464.3183673;112.3;0.484875;114.689;78.6
464.8032426;112.4;0.519206;123.743;72.9
465.322449;113.1;0.522449;115.561;78.3
465.844898;113.2;0.489796;114.844;76.2
466.3346939;113.3;0.497959;122.5;78.9
466.8326531;113.4;0.538776;120.492;75.2
467.3714286;114.1;0.538776;111.364;78.7
467.9102041;114.2;0.514286;111.364;75.4
468.4244898;114.3;0.465306;116.667;80.3
468.8897959;114.4;0.53839;128.947;75.3
469.4281859;115.1;0.489796;111.443;78.8
469.9179819;115.2;0.514671;122.5;74.3
470.4326531;115.3;0.481633;116.579;78
470.9142857;115.4;0.522449;124.576;73.9
471.4367347;116.1;0.546939;114.844;76.8
471.9836735;116.2;0.481633;109.701;76.7
472.4653061;116.3;0.497959;124.576;77.8
472.9632653;116.4;0.555102;120.492;77.1
473.5183673;117.1;0.522449;108.088;78.7
474.0408163;117.2;0.522449;114.844;80
474.5632653;117.3;0.493401;114.844;77.4
475.0566667;117.4;0.747415;121.605;76.9
475.8040816;118.1;0.540181;80.2767;83.6
476.344263;118.2;0.561859;111.074;77.9
476.9061224;118.3;0.432653;106.788;81.3
477.3387755;118.4;0.579592;138.679;75.9
477.9183673;119.1;0.514286;103.521;81.4
478.4326531;119.2;0.538776;116.667;76.2
478.9714286;119.3;0.489796;111.364;80.2
479.4612245;119.4;0.55839;122.5;75.2
480.0196145;120.1;0.510998;107.452;81.8
480.5306122;120.2;0.530612;117.417;76.9
481.0612245;120.3;0.46873;113.077;80
481.5299546;120.4;0.568005;128.005;75.7
482.0979592;121.1;0.530612;105.633;81.5
482.6285714;121.2;0.538776;113.077;76.2
483.1673469;121.3;0.497959;111.364;77.8
483.6653061;121.4;0.571429;120.492;75.7
484.2367347;122.1;0.485578;105;81.8
484.7223129;122.2;0.55932;123.564;76.1
485.2816327;122.3;0.432653;107.273;77.4
485.7142857;122.4;0.563265;138.679;78.6
486.277551;123.1;0.528027;106.522;81
486.8055782;123.2;0.516871;113.631;76.5
487.322449;123.3;0.457143;116.083;81
487.7795918;123.4;0.570567;131.25;76.7
488.3501587;124.1;0.502472;105.159;81.2
488.8526304;124.2;0.510635;119.41;74.3
489.3632653;124.3;0.440816;117.501;80
489.8040816;124.4;0.555102;136.111;76.1
490.3591837;125.1;0.524875;108.088;82.2
490.884059;125.2;0.552676;114.313;76.4
491.4367347;125.3;0.604082;108.563;82.9
492.0408163;125.4;0.840816;99.3243;78.9
492.8816327;126.1;0.767347;71.3592;84.7
493.6489796;126.2;0.579592;78.1915;74.2
494.2285714;126.3;0.522449;103.521;80.2
494.7510204;126.4;0.481633;114.844;76.5
495.2326531;127.1;0.546939;124.576;75.4
495.7795918;127.2;0.440816;109.701;79.3
496.2204082;127.3;0.489796;136.111;80
496.7102041;127.4;0.440816;122.5;81
497.1510204;128.1;0.416327;136.111;79.2
497.5673469;128.2;0.522449;144.118;78
498.0897959;128.3;0.432653;114.844;79.5
498.522449;128.4;0.465306;138.679;73.3
498.9877551;129.1;0.489796;128.947;80.8
499.477551;129.2;0.563265;122.5;79.7
500.0408163;129.3;0.538776;106.522;80.3
500.5795918;129.4;0.604082;111.364;82
501.1836735;130.1;0.522449;99.3243;76.9
501.7061224;130.2;0.514286;114.844;78.2
502.2204082;130.3;0.467188;116.667;81.2
502.6875964;130.4;0.487914;128.428;77.9
503.1755102;131.1;0.44898;122.973;79.8
503.6244898;131.2;0.481633;133.636;80.1
504.1061224;131.3;0.563265;124.576;81
504.6693878;131.4;0.497959;106.522;81.9
505.1673469;132.1;0.457143;120.492;80.5
505.6244898;132.2;0.477959;131.25;75.9
506.102449;132.3;0.436327;125.534;79.9
506.5387755;132.4;0.502903;137.512;76.6
507.041678;133.1;0.460363;119.307;80.7
507.5020408;133.2;0.514286;130.332;76.5
508.0163265;133.3;0.636735;116.667;78.3
508.6530612;133.4;1.17551;94.2308;75.9
509.8285714;134.1;0.8;51.0417;62.7
510.6285714;134.2;0.514286;75;55.2
511.1428571;134.3;0.587755;116.667;64.2
511.7306122;134.4;0.604082;102.083;64.6
512.3346939;135.1;0.514286;99.3243;59.2
512.8489796;135.2;0.514399;116.667;63.5
513.3633787;135.3;0.497846;116.641;62.3
513.8612245;135.4;0.530612;120.519;69.7
514.3918367;136.1;0.497959;113.077;70.9
514.8897959;136.2;0.509841;120.492;65.5
515.3996372;136.3;0.600363;117.684;70.2
516;136.4;0.54644;99.9396;65.4
516.5464399;137.1;0.686213;109.802;70.7
517.2326531;137.2;0.571429;87.4364;68
517.8040816;137.3;0.612245;105;69
518.4163265;137.4;0.669388;98;63.8
519.0857143;138.1;0.726531;89.6341;60.4
519.8122449;138.2;0.587755;82.5843;64.1
520.4;138.3;0.489796;102.083;57.7
520.8897959;138.4;0.530612;122.5;63.3
521.4204082;139.1;0.530612;113.077;64
521.9510204;139.2;0.497438;113.077;61.8
522.448458;139.3;0.531134;120.618;69.7
522.9795918;139.4;0.497959;112.966;72.4
523.477551;140.1;0.473469;120.492;68.4
523.9510204;140.2;0.563265;126.724;69.7
524.5142857;140.3;0.501519;106.522;64.5
525.015805;140.4;0.84542;119.636;73
525.8612245;141.1;0.710204;70.9707;73.6
526.5714286;141.2;0.555102;84.4828;67.2
527.1265306;141.3;0.457143;108.088;68.9
527.5836735;141.4;0.546939;131.25;67.3
528.1306122;142.1;0.555102;109.701;69
528.6857143;142.2;0.506122;108.088;70.7
529.1918367;142.3;0.644898;118.548;65.7
529.8367347;142.4;0.522449;93.038;66.5
530.3591837;143.1;0.473469;114.844;65.8
530.8326531;143.2;0.489796;126.724;68.2
531.322449;143.3;0.546939;122.5;67.6
531.8693878;143.4;0.587755;109.701;64.3
532.4571429;144.1;0.563265;102.083;58.1
533.0204082;144.2;0.572313;106.522;63.2
533.5927211;144.3;0.488912;104.838;66.4
534.0816327;144.4;0.555102;122.722;65.8
534.6367347;145.1;0.571429;108.088;63.7
535.2081633;145.2;0.488889;105;68.6
535.6970522;145.3;0.474376;122.727;66
536.1714286;145.4;0.514286;126.482;66.7
536.6857143;146.1;0.42449;116.667;64.9
537.1102041;146.2;0.542018;141.346;68.8
537.6522222;146.3;0.478095;110.697;66.9
538.1303175;146.4;0.474286;125.498;63.1
538.6046032;147.1;0.445329;126.506;65.2
539.049932;147.2;0.476599;134.732;69.3
539.5265306;147.3;0.497959;125.892;66.5
540.0244898;147.4;0.473469;120.492;69
540.4979592;148.1;0.514286;126.724;64.6
541.0122449;148.2;0.473469;116.667;66.5
541.4857143;148.3;0.522449;126.724;62.9
542.0081633;148.4;0.587755;114.844;62.9
542.5959184;149.1;0.481633;102.083;59.6
543.077551;149.2;0.489796;124.576;65.1
543.5673469;149.3;0.522449;122.5;65.2
544.0897959;149.4;0.530612;114.844;67.7
544.6204082;150.1;0.506122;113.077;66.2
545.1265306;150.2;0.571429;118.548;67.3
545.6979592;150.3;0.587755;105;66.3
546.2857143;150.4;0.522449;102.083;63.5
546.8081633;151.1;0.473469;114.844;61.1
547.2816327;151.2;0.595918;126.724;64.4
547.877551;151.3;0.514286;100.685;62.1
548.3918367;151.4;0.546939;116.667;64.7
548.9387755;152.1;0.538776;109.701;65.2
549.477551;152.2;0.530612;111.364;68.9
550.0081633;152.3;0.61966;113.077;71.8
550.6278231;152.4;0.833401;96.8273;68.6
551.4612245;153.1;0.612245;71.9941;69
552.0734694;153.2;0.489796;98;67
552.5632653;153.3;0.481633;122.5;65.5
553.044898;153.4;0.530612;124.576;69.6
553.5755102;154.1;0.546939;113.077;70.7
554.122449;154.2;0.595918;109.701;67.7
554.7183673;154.3;0.489796;100.685;73.7
555.2081633;154.4;0.506122;122.5;72.2
555.7142857;155.1;0.506122;118.548;68.9
556.2204082;155.2;0.595918;118.548;71.1
556.8163265;155.3;0.579592;100.685;69.5
557.3959184;155.4;0.555102;103.521;69.1
557.9510204;156.1;0.636735;108.088;65.7
558.5877551;156.2;0.579592;94.2308;65.3
559.1673469;156.3;0.527914;103.521;69
559.6952608;156.4;0.533311;113.655;66.5
560.2285714;157.1;0.571429;112.505;66.9
560.8;157.2;0.514286;105;66.7
561.3142857;157.3;0.514308;116.667;72.8
561.8285941;157.4;0.571406;116.662;70.3
562.4;158.1;0.595918;105.004;68
562.9959184;158.2;0.563265;100.685;74.1
563.5591837;158.3;0.571429;106.522;72.2
564.1306122;158.4;0.555102;105;71.8
564.6857143;159.1;0.677551;108.088;65
565.3632653;159.2;0.677551;88.5542;69.5
566.0408163;159.3;0.653061;88.5542;68.9
566.6938776;159.4;0.604082;91.875;71.3
567.2979592;160.1;0.620794;99.3243;67.3
567.9187528;160.2;0.579206;96.6505;66.9
568.4979592;160.3;0.587755;103.59;67.7
569.0857143;160.4;0.59517;102.083;65.4
569.6808844;161.1;0.670136;100.812;61.4
570.3510204;161.2;0.816327;89.5341;64.1
571.1673469;161.3;0.963265;73.5;62.2
572.1306122;161.4;0.840816;62.2881;57.8
572.9714286;162.1;0.742857;71.3592;49.4
573.7142857;162.2;0.628571;80.7692;57.7
574.3428571;162.3;0.571429;95.4545;61.5
574.9142857;162.4;0.726531;105;70.3
575.6408163;163.1;0.555102;82.5843;58.6
576.1959184;163.2;0.587755;108.088;61
576.7836735;163.3;0.587755;102.083;61
577.3714286;163.4;0.587755;102.083;66.1
577.9591837;164.1;0.579592;102.083;56.9
578.5387755;164.2;0.620408;103.521;65.8
579.1591837;164.3;0.595918;96.7105;63.8
579.755102;164.4;0.620408;100.685;62.4
580.3755102;165.1;0.628571;96.7105;61.3
581.0040816;165.2;0.661224;95.4545;61.8
581.6653061;165.3;0.612245;90.7407;61.9
582.277551;165.4;0.628571;98;65.4
582.9061224;166.1;0.702041;95.4545;57.7
583.6081633;166.2;0.620408;85.4651;64.6
584.2285714;166.3;0.563265;96.7105;63.3
584.7918367;166.4;0.661224;106.522;63.6
585.4530612;167.1;0.604082;90.7407;60.5
586.0571429;167.2;0.620408;99.3243;66
586.677551;167.3;0.595918;96.7105;59.9
587.2734694;167.4;0.759184;100.685;67.1
588.0326531;168.1;0.767347;79.0323;54.1
588.8;168.2;0.636735;78.1915;63.1
589.4367347;168.3;0.585374;94.2308;55.3
590.0221088;168.4;0.884014;102.499;63.9
590.9061224;169.1;0.644898;67.8723;55.2
591.5510204;169.2;0.587755;93.038;64.7
592.1387755;169.3;0.587755;102.083;58.3
592.7265306;169.4;0.693878;102.083;60.4
593.4204082;170.1;0.710204;86.4706;50.7
594.1306122;170.2;0.571429;84.4828;58.6
594.7020408;170.3;0.522449;105;58
595.2244898;170.4;0.604082;114.844;67.2
595.8285714;171.1;0.583923;99.3243;56.4
596.4124943;171.2;0.54254;102.753;61.2
596.955034;171.3;0.538844;110.591;59.4
597.4938776;171.4;0.522449;111.35;58
598.0163265;172.1;0.644898;114.844;52.9
598.6612245;172.2;0.506122;93.038;64.5
599.1673469;172.3;0.506122;118.548;65
599.6734694;172.4;0.636735;118.548;69.9
600.3102041;173.1;0.644898;94.2308;57.8
600.955102;173.2;0.514286;93.038;57.8
601.4693878;173.3;0.534195;116.667;60.9
602.0035828;173.4;0.584966;112.319;63.5
602.5885488;174.1;0.554558;102.57;55.6
603.1431066;174.2;0.489546;108.194;64.3
603.6326531;174.3;0.579592;122.562;65.4
604.2122449;174.4;0.546939;103.521;70
604.7591837;175.1;0.506122;109.701;65.1
605.2653061;175.2;0.514286;118.548;69.2
605.7795918;175.3;0.489796;116.667;65.8
606.2693878;175.4;0.494807;122.5;69.7
606.764195;176.1;0.525601;121.259;69
607.2897959;176.2;0.497959;114.155;71.2
607.7877551;176.3;0.506122;120.492;68.7
608.2938776;176.4;0.4;118.548;74.5
608.6938776;177.1;0.579592;150;69.4
609.2734694;177.2;0.465306;103.521;72.4
609.7387755;177.3;0.498503;128.947;74.5
610.2372789;177.4;0.603537;120.36;76.8
610.8408163;178.1;0.653061;99.4139;72.2
611.4938776;178.2;0.604082;91.875;74.6
612.0979592;178.3;0.465306;99.3243;70.3
612.5632653;178.4;0.481633;128.947;69.6
613.044898;179.1;0.506122;124.576;72.8
613.5510204;179.2;0.489569;118.548;70.6
614.0405896;179.3;0.587982;122.557;66.5
614.6285714;179.4;0.457143;102.044;61.7
615.0857143;180.1;0.571429;131.25;61.9
615.6571429;180.2;0.473469;105;64.3
616.1306122;180.3;0.612245;126.724;58.7
616.7428571;180.4;0.473469;98;55.3
617.2163265;181.1;0.546939;126.724;51.9
617.7632653;181.2;0.506122;109.701;58.5
618.2693878;181.3;0.579592;118.548;56.9
618.8489796;181.4;0.718367;103.521;52.7
619.5673469;182.1;0.587755;83.5227;61
620.155102;182.2;0.473469;102.083;60.4
620.6285714;182.3;0.506122;126.724;68.5
621.1346939;182.4;0.571429;118.548;62.2
621.7061224;183.1;0.693878;105;70
622.4;183.2;0.4;86.4706;70.1
622.8;183.3;0.530612;150;68.4
623.3306122;183.4;0.499116;113.077;68.7
623.8297279;184.1;0.504966;120.213;64.8
624.3346939;184.2;0.465306;118.82;71.2
624.8;184.3;0.457143;128.947;72.1
625.2571429;184.4;0.522449;131.25;71.3
625.7795918;185.1;0.571429;114.844;72.1
626.3510204;185.2;0.42449;105;71.7
626.7755102;185.3;0.481633;141.346;76.8
627.2571429;185.4;0.4;124.576;79.2
627.6571429;186.1;0.440522;150;75.5
628.0976644;186.2;0.385306;136.202;76.5
628.4829705;186.3;0.446984;155.72;81.3
628.9299546;186.4;0.48229;134.233;80.3
629.4122449;187.1;0.571429;124.406;80.3
629.9836735;187.2;0.408163;105;77.6
630.3918367;187.3;0.432653;147;74
630.8244898;187.4;0.579592;138.679;73.2
631.4040816;188.1;0.440816;103.521;72.6
631.844898;188.2;0.4;136.111;75.5
632.244898;188.3;0.473469;150;76
632.7183673;188.4;0.440816;126.724;77.1
633.1591837;189.1;0.522449;136.111;79.5
633.6816327;189.2;0.383673;114.844;76.1
634.0653061;189.3;0.457143;156.383;75.1
634.522449;189.4;0.604082;131.25;77.8
635.1265306;190.1;0.550522;99.3243;76
635.6770522;190.2;0.396417;108.988;77.8
636.0734694;190.3;0.42449;151.356;77.3
636.4979592;190.4;0.576531;141.346;77.7
637.0744898;191.1;0.537143;104.071;70.3
637.6116327;191.2;0.46746;111.702;74.9
638.079093;191.3;0.427029;128.353;76.7
638.5061224;191.4;0.522449;140.506;76.8
639.0285714;192.1;0.465306;114.844;76.2
639.4938776;192.2;0.408163;128.947;76.5
639.9020408;192.3;0.416327;147;75.9
640.3183673;192.4;0.555102;144.118;76.8
640.8734694;193.1;0.473311;108.088;77.3
641.34678;193.2;0.538934;126.767;66.9
641.8857143;193.3;0.571429;111.331;78.8
642.4571429;193.4;0.514286;105;72
642.9714286;194.1;0.538776;116.667;69.6
643.5102041;194.2;0.677551;111.364;72.2
644.1877551;194.3;0.84898;88.5542;76.6
645.0367347;194.4;1.06939;70.6731;68.3
646.1061224;195.1;0.761973;56.1069;63.2
646.8680952;195.2;0.511497;78.743;66.4
647.3795918;195.3;0.497959;117.303;68.6
647.877551;195.4;0.620408;120.492;74.7
648.4979592;196.1;0.644898;96.7105;71.9
649.1428571;196.2;0.465306;93.038;69.9
649.6081633;196.3;0.506122;128.947;64.7
650.1142857;196.4;0.595918;118.548;68.3
650.7102041;197.1;0.530612;100.685;67.2
651.2408163;197.2;0.530612;113.077;66.4
651.7714286;197.3;0.473469;113.077;68.1
652.244898;197.4;0.653061;126.724;73.7
652.8979592;198.1;0.595918;91.875;70.9
653.4938776;198.2;0.516621;100.685;70.5
654.0104989;198.3;0.544603;116.139;65
654.555102;198.4;0.615986;110.172;61.7
655.1710884;199.1;0.60034;97.4047;66
655.7714286;199.2;0.497959;99.9433;63.4
656.2693878;199.3;0.481633;120.492;66.3
656.7510204;199.4;0.497959;124.576;67.5
657.2489796;200.1;0.497959;120.492;69.5
657.7469388;200.2;0.473469;120.492;72.4
658.2204082;200.3;0.538776;126.724;70
658.7591837;200.4;0.587143;111.364;65.9
659.3463265;201.1;0.547551;102.19;65.5
659.8938776;201.2;0.473469;109.579;67.8
660.3673469;201.3;0.465306;126.724;72.4
660.8326531;201.4;0.571429;128.947;76.6
661.4040816;202.1;0.612245;105;70.8
662.0163265;202.2;0.587755;98;70.3
662.6040816;202.3;0.571429;102.083;65.9
663.1755102;202.4;0.75102;105;65.4
663.9265306;203.1;0.612245;79.8913;64.2
664.5387755;203.2;0.44898;98;66.6
664.9877551;203.3;0.497959;133.636;66.2
665.4857143;203.4;0.530612;120.492;66.1
666.0163265;204.1;0.522449;113.077;67.1
666.5387755;204.2;0.478934;114.844;66.5
667.0177098;204.3;0.459841;125.278;64.7
667.477551;204.4;0.555102;130.48;67.7
668.0326531;205.1;0.514286;108.088;68.2
668.5469388;205.2;0.473469;116.667;66.4
669.0204082;205.3;0.416327;126.724;71.3
669.4367347;205.4;0.612245;144.118;74.4
670.0489796;206.1;0.457143;98;70.7
670.5061224;206.2;0.473469;131.25;69.2
670.9795918;206.3;0.44898;126.724;71.4
671.4285714;206.4;0.538776;133.636;74.2
671.9673469;207.1;0.496667;111.364;75.9
672.4640136;207.2;0.466599;120.805;72.8
672.9306122;207.3;0.416327;128.59;73.2
673.3469388;207.4;0.465306;144.118;74.8
673.8122449;208.1;0.432653;128.947;77
674.244898;208.2;0.457143;138.679;75
674.7020408;208.3;0.4;131.25;74.5
675.1020408;208.4;0.453719;150;76.1
675.5557596;209.1;0.46873;132.24;76.1
676.0244898;209.2;0.391837;128.005;74.9
676.4163265;209.3;0.416327;153.125;74.5
676.8326531;209.4;0.506122;144.118;75.3
677.3387755;210.1;0.489796;118.548;75.6
677.8285714;210.2;0.382494;122.5;75.5
678.2110658;210.3;0.450068;156.865;74.4
678.6611338;210.4;0.620499;133.313;76.1
679.2816327;211.1;0.563265;96.6964;79
679.844898;211.2;0.393175;106.522;74.5
680.2380726;211.3;0.423152;152.604;79
680.6612245;211.4;0.438481;141.793;78.2
681.0997052;212.1;0.516621;136.836;77.8
681.6163265;212.2;0.42449;116.139;77
682.0408163;212.3;0.391837;141.346;75.9
682.4326531;212.4;0.457029;153.125;75.3
682.8896825;213.1;0.481746;131.283;77.5
683.3714286;213.2;0.391837;124.547;77.9
683.7632653;213.3;0.42449;153.125;78.1
684.1877551;213.4;0.42449;141.346;76.6
684.6122449;214.1;0.463651;141.346;77.5
685.0758957;214.2;0.385329;129.408;76.5
685.4612245;214.3;0.383673;155.711;77.3
685.844898;214.4;0.440816;156.383;79.5
686.2857143;215.1;0.465306;136.111;78.2
686.7510204;215.2;0.342857;128.947;75.7
687.0938776;215.3;0.465306;175;79
687.5591837;215.4;0.37551;128.947;74.8
687.9346939;216.1;0.391837;159.783;74.7
688.3265306;216.2;0.391837;153.125;79.4
688.7183673;216.3;0.424807;153.125;77.8
689.1431746;216.4;0.399683;141.241;76.7
689.5428571;217.1;0.408163;150.119;74.4
689.9510204;217.2;0.408163;147;75.7
690.3591837;217.3;0.383673;147;78.4
690.7428571;217.4;0.379546;156.383;77.3
691.1224036;218.1;0.453719;158.083;80.4
691.5761224;218.2;0.48102;132.24;79.1
692.0571429;218.3;0.604082;124.735;80.8
692.6612245;218.4;0.816327;99.3243;77.3
693.477551;219.1;0.538776;73.5;70.5
694.0163265;219.2;0.579592;111.364;77.9
694.5959184;219.3;0.522449;103.521;70.8
695.1183673;219.4;0.44898;114.844;77.3
695.5673469;220.1;0.587755;133.636;77.1
696.155102;220.2;0.457347;102.083;70.5
696.612449;220.3;0.42576;131.191;77.2
697.0382086;220.4;0.420091;140.925;78.4
697.4582993;221.1;0.427415;142.826;77.1
697.8857143;221.2;0.514286;140.379;79.7
698.4;221.3;0.433129;116.667;74.5
698.8331293;221.4;0.46483;138.527;77.9
699.2979592;222.1;0.416327;129.079;73.9
699.7142857;222.2;0.587755;144.118;79.1
700.3020408;222.3;0.481633;102.083;73.7
700.7836735;222.4;0.693878;124.576;75.9
701.477551;223.1;0.481633;86.4706;76.2
701.9591837;223.2;0.506122;124.576;74.8
702.4653061;223.3;0.489796;118.548;80.2
702.955102;223.4;0.383673;122.5;77.8
703.3387755;224.1;0.506122;156.383;75.6
703.844898;224.2;0.44898;118.548;75
704.2938776;224.3;0.620408;133.636;77.9
704.9142857;224.4;0.440816;96.7105;78.1
705.355102;225.1;0.514286;136.111;79.2
705.8693878;225.2;0.440816;116.667;76.1
706.3102041;225.3;0.416327;136.111;75.2
706.7265306;225.4;0.457143;144.118;78.2
707.1836735;226.1;0.42449;131.25;76
707.6081633;226.2;0.440816;141.346;80.3
708.0489796;226.3;0.571429;136.111;74.9
708.6204082;226.4;0.718367;105;73.3
709.3387755;227.1;0.677551;83.5227;71.7
710.0163265;227.2;0.663333;88.5542;62.7
710.6796599;227.3;0.773401;90.4523;66.1
711.4530612;227.4;0.971429;77.5794;60.2
712.4244898;228.1;0.669388;61.7647;64.7
713.0938776;228.2;0.653061;89.6341;70.3
713.7469388;228.3;0.620408;91.875;65.9
714.3673469;228.4;0.742857;96.7105;60.1
715.1102041;229.1;0.556145;80.7692;63
715.6663492;229.2;0.611202;107.886;68.7
716.277551;229.3;0.501179;98.1673;66.5
716.7787302;229.4;0.609977;119.718;66.3
717.3887075;230.1;0.545986;98.3643;73.1
717.9346939;230.2;0.416327;109.893;71
718.3510204;230.3;0.563265;144.118;76.6
718.9142857;230.4;0.8;106.522;71.7
719.7142857;231.1;0.794104;75;74.5
720.50839;231.2;0.536508;75.5568;70.2
721.044898;231.3;0.551497;111.834;67.7
721.5963946;231.4;0.632177;108.795;70.4
722.2285714;232.1;0.620408;94.9101;69.9
722.8489796;232.2;0.595918;96.7105;67.2
723.444898;232.3;0.700771;100.685;66
724.1456689;232.4;0.760454;85.62;63.1
724.9061224;233.1;0.579297;78.9003;62.7
725.4854195;233.2;0.637029;103.574;68.5
726.122449;233.3;0.58254;94.1872;69.7
726.7049887;233.4;0.63737;102.997;63.8
727.3423583;234.1;0.616825;94.1369;67.3
727.9591837;234.2;0.82449;97.2723;68.5
728.7836735;234.3;0.587755;72.7723;64
729.3714286;234.4;0.669388;102.083;65.1
730.0408163;235.1;0.606372;89.6341;66
730.6471882;235.2;0.634444;98.9492;62
731.2816327;235.3;0.651882;94.5709;62.2
731.9335147;235.4;0.67873;92.0412;60.9
732.6122449;236.1;0.783673;88.4004;60.9
733.3959184;236.2;0.702041;76.5625;61.9
734.0979592;236.3;0.726531;85.4651;58.7
734.8244898;236.4;1.2;82.5843;56.2
736.0244898;237.1;1.03673;50;56.2
737.0612245;237.2;1.14286;57.874;51.5
738.2040816;237.3;1.0449;52.5;41
739.2489796;237.4;0.955102;57.4219;48.5
740.2040816;238.1;1.25939;62.8205;62.5
741.4634694;238.2;1.36175;47.6422;51.9
742.8252154;238.3;1.01152;44.0611;44
743.8367347;238.4;0.816327;59.3167;56.1
744.6530612;239.1;0.726531;73.5;60.2
745.3795918;239.2;0.635306;82.5843;65
746.014898;239.3;0.638163;94.4427;63.4
746.6530612;239.4;0.734694;94.0198;63.1
747.3877551;240.1;0.719773;81.6667;68.5
748.1075283;240.2;0.635329;83.3596;64.8
748.7428571;240.3;0.620408;94.4393;64.1
749.3632653;240.4;0.628571;96.7105;64.5
749.9918367;241.1;0.636735;95.4545;62.4
750.6285714;241.2;0.636735;94.2308;63.8
751.2653061;241.3;0.618322;94.2308;65.8
751.8836281;241.4;0.679637;97.0368;64.1
752.5632653;242.1;0.644898;88.2824;63.7
753.2081633;242.2;0.661224;93.038;59.9
753.8693878;242.3;0.669388;90.7407;64.6
754.5387755;242.4;0.661224;89.6341;63.9
755.2;243.1;0.661224;90.7407;63.5
755.8612245;243.2;0.677551;90.7407;64.2
756.5387755;243.3;0.767347;88.5542;61.7
757.3061224;243.4;0.791837;78.1915;60.4
758.0979592;244.1;0.759184;75.7732;62.1
758.8571429;244.2;0.644898;79.0323;62.1
759.5020408;244.3;0.620408;93.038;64.2
760.122449;244.4;0.653061;96.7105;65
760.7755102;245.1;0.653061;91.875;61.5
761.4285714;245.2;0.686281;91.875;64.2
762.1148526;245.3;0.709637;87.4277;61.6
762.8244898;245.4;0.710204;84.5502;65.3
763.5346939;246.1;0.693878;84.4828;64.4
764.2285714;246.2;0.702041;86.4706;66.3
764.9306122;246.3;0.726531;85.4651;68
765.6571429;246.4;0.718367;82.5843;69.6
766.3755102;247.1;0.693878;83.5227;63.1
767.0693878;247.2;0.685714;86.4706;68.4
767.755102;247.3;0.677551;87.5;61.2
768.4326531;247.4;0.759184;88.5542;60.6
769.1918367;248.1;0.710204;79.0323;65
769.9020408;248.2;0.710204;84.4828;60.2
770.6122449;248.3;0.734694;84.4828;67.8
771.3469388;248.4;0.653061;81.6667;71.1
772;249.1;0.710204;91.875;65.6
772.7102041;249.2;0.653061;84.4828;67.5
773.3632653;249.3;0.653061;91.875;69.9
774.0163265;249.4;0.734694;91.875;64.7
774.7510204;250.1;0.734694;81.6667;66.5
775.4857143;250.2;0.726531;81.6667;67.5
776.2122449;250.3;0.693878;82.5843;63.6
776.9061224;250.4;0.702041;86.4706;61.8
777.6081633;251.1;0.816327;85.4651;66.2
778.4244898;251.2;0.75102;73.5;68.3
779.1755102;251.3;0.734694;79.8913;67.3
779.9102041;251.4;0.732381;81.6667;65.4
780.642585;252.1;0.834966;81.9246;60.9
781.477551;252.2;0.742857;71.8592;62.2
782.2204082;252.3;0.832653;80.7692;60.5
783.0530612;252.4;0.938776;72.0588;59
783.9918367;253.1;0.8;63.913;63.8
784.7918367;253.2;0.661224;75;57.6
785.4530612;253.3;0.693878;90.7407;64.1
786.1469388;253.4;0.612245;86.4706;63.2
786.7591837;254.1;0.636735;98;71.8
787.3959184;254.2;0.689478;94.2308;67
788.0853968;254.3;0.649297;87.0223;64.9
788.7346939;254.4;0.690544;92.4076;62.4
789.4252381;255.1;0.664558;86.888;71.7
790.0897959;255.2;0.734694;90.2856;67.7
790.8244898;255.3;0.75102;81.6667;63.7
791.5755102;255.4;1.05306;79.8913;60.5
792.6285714;256.1;0.702041;56.9767;63.1
793.3306122;256.2;0.588413;85.4651;63.2
793.9190249;256.3;0.636077;101.969;65.9
794.555102;256.4;0.661224;94.3282;64.1
795.2163265;257.1;0.612245;90.7407;65.2
795.8285714;257.2;0.604082;98;64.6
796.4326531;257.3;0.597052;99.3243;67.4
797.0297052;257.4;0.676417;100.494;63.4
797.7061224;258.1;0.570862;88.7027;66.1
798.2769841;258.2;0.645465;105.104;62.4
798.922449;258.3;0.587755;92.9563;65.2
799.5102041;258.4;0.571429;102.083;65.2
800.0816327;259.1;0.595918;105;68
800.677551;259.2;0.608775;100.685;71
801.2863265;259.3;0.599388;98.5585;72.9
801.8857143;259.4;0.718367;100.102;72.6
802.6040816;260.1;0.636735;83.5227;67.6
803.2408163;260.2;0.563265;94.2308;64.2
803.8040816;260.3;0.604082;106.522;67.9
804.4081633;260.4;0.710204;99.3243;71.8
805.1183673;261.1;0.685714;84.4828;67.7
805.8040816;261.2;0.693878;87.5;63.1
806.4979592;261.3;0.563265;86.4706;60.3
807.0612245;261.4;0.987755;106.522;59.9
808.0489796;262.1;0.677551;60.7438;64
808.7265306;262.2;0.595918;88.5542;62.3
809.322449;262.3;0.579592;100.685;67.4
809.9020408;262.4;0.677551;103.521;61
810.5795918;263.1;0.677551;88.5542;69.9
811.2571429;263.2;0.595918;88.5542;65.3
811.8530612;263.3;0.620408;100.685;65.6
812.4734694;263.4;0.710204;96.7105;60
813.1836735;264.1;0.644898;84.4828;69.9
813.8285714;264.2;0.685714;93.038;58.6
814.5142857;264.3;0.726531;87.5;62.9
815.2408163;264.4;1.16735;82.5843;57.1
816.4081633;265.1;0.881633;51.3986;61.6
817.2897959;265.2;0.702041;68.0556;61.7
817.9918367;265.3;0.653061;85.4651;62.9
818.644898;265.4;0.710204;91.875;62.3
819.355102;266.1;0.685714;84.4828;65.3
820.0408163;266.2;0.628571;87.5;63.3
820.6693878;266.3;0.653061;95.4545;68
821.322449;266.4;0.832653;91.875;68.4
822.155102;267.1;0.702041;72.0588;67.2
822.8571429;267.2;0.595918;85.4651;67.4
823.4530612;267.3;0.628571;100.685;68.9
824.0816327;267.4;0.693878;95.4545;69.2
824.7755102;268.1;0.783673;86.4706;69.6
825.5591837;268.2;0.8;76.5625;66.2
826.3591837;268.3;0.742857;75;63.6
827.1020408;268.4;0.971429;80.7692;69.9
828.0734694;269.1;0.75102;61.7647;66.8
828.8244898;269.2;0.546939;79.8913;61.7
829.3714286;269.3;0.563265;109.701;64.1
829.9346939;269.4;0.653061;106.522;66.5
830.5877551;270.1;0.611723;91.875;67.4
831.1994785;270.2;0.546735;98.0835;63.3
831.7462132;270.3;0.572154;109.742;64.6
832.3183673;270.4;0.702041;104.867;68.3
833.0204082;271.1;0.693878;85.4651;70.7
833.7142857;271.2;0.542993;86.4706;72.5
834.2572789;271.3;0.565465;110.499;69.3
834.8227438;271.4;0.613991;106.107;68
835.4367347;272.1;0.579592;97.7213;69.5
836.0163265;272.2;0.604082;103.521;65.6
836.6204082;272.3;0.604082;99.3243;69.7
837.2244898;272.4;0.595918;99.3243;69.3
837.8204082;273.1;0.612245;100.685;72.1
838.4326531;273.2;0.579592;98;67.4
839.0122449;273.3;0.555102;103.521;70.8
839.5673469;273.4;0.726531;108.088;68.8
840.2938776;274.1;0.661224;82.5843;66.9
840.955102;274.2;0.587755;90.7407;68.1
841.5428571;274.3;0.573583;102.083;73
842.1164399;274.4;0.68356;104.606;71.6
842.8;275.1;0.661224;87.7757;70.7
843.4612245;275.2;0.718367;90.7407;67.7
844.1795918;275.3;0.742857;83.5227;71.3
844.922449;275.4;1.03673;80.7692;65.1
845.9591837;276.1;0.8;57.874;60.8
846.7591837;276.2;0.969887;75;62
847.7290703;276.3;0.834195;61.8629;65.1
848.5632653;276.4;0.718367;71.9256;64.8
849.2816327;277.1;0.718367;83.5227;63.5
850;277.2;0.75068;83.5227;62
850.7506803;277.3;0.751361;79.9275;59.9
851.5020408;277.4;0.710204;79.8551;59.9
852.2122449;278.1;0.783673;84.4828;60.3
852.9959184;278.2;0.865306;76.5625;60.2
853.8612245;278.3;0.922449;69.3396;61.2
854.7836735;278.4;1.36327;65.0443;60
856.1469388;279.1;0.808163;44.012;62.4
856.955102;279.2;0.694218;74.2424;74.9
857.6493197;279.3;0.7122;86.4282;70.3
858.3615193;279.4;0.805828;84.2461;70.6
859.1673469;280.1;0.77551;74.4576;63.8
859.9428571;280.2;0.77551;77.3684;70.7
860.7183673;280.3;0.936825;77.3684;68.7
861.6551927;280.4;1.84685;64.0461;64.5
863.5020408;281.1;0;32.4878;59.5
